representation,model,camera_group,training_protocol,modality,regret_threshold,sample_retained_fraction,eligible_image_coverage,metric,estimate,lower,upper,experiment_count,evaluable_experiment_count
handcrafted,logistic,all,pooled_views,rgb,0.01,1.0,0.8624763589025618,balanced_accuracy,0.7983405025580383,0.7430397334543339,0.8409026813324728,14,12
handcrafted,logistic,all,pooled_views,rgb,0.01,1.0,0.8624763589025618,macro_f1,0.7930005479459993,0.7318078116733067,0.8385719668321607,14,12
handcrafted,logistic,all,pooled_views,rgb,0.01,1.0,0.8624763589025618,auroc,0.9161641762643756,0.8718190555003078,0.9482424768110436,14,12
handcrafted,logistic,all,pooled_views,rgb,0.01,1.0,0.8624763589025618,balanced_misclassification_regret,0.00352862949271906,0.002356094052839883,0.005328411607879718,14,12
handcrafted,logistic,all,pooled_views,time,0.01,1.0,0.8624763589025618,balanced_accuracy,0.786141095398151,0.7081039108170559,0.8509963680273783,14,12
handcrafted,logistic,all,pooled_views,time,0.01,1.0,0.8624763589025618,macro_f1,0.7781911603293294,0.6914985170443273,0.8479201477215942,14,12
handcrafted,logistic,all,pooled_views,time,0.01,1.0,0.8624763589025618,auroc,0.9392559216644929,0.9055451047299186,0.9678692253480408,14,12
handcrafted,logistic,all,pooled_views,time,0.01,1.0,0.8624763589025618,balanced_misclassification_regret,0.0036470087992588975,0.0024209541805096206,0.005394064553999784,14,12
handcrafted,random_forest,all,pooled_views,rgb,0.01,1.0,0.8624763589025618,balanced_accuracy,0.819346415110846,0.7959497725325847,0.8424586745234092,14,12
handcrafted,random_forest,all,pooled_views,rgb,0.01,1.0,0.8624763589025618,macro_f1,0.8164197181185631,0.7914292584750925,0.8407654991665009,14,12
handcrafted,random_forest,all,pooled_views,rgb,0.01,1.0,0.8624763589025618,auroc,0.9407506918519625,0.9247161626866723,0.9556072425839884,14,12
handcrafted,random_forest,all,pooled_views,rgb,0.01,1.0,0.8624763589025618,balanced_misclassification_regret,0.002837116335364253,0.0019479825256266087,0.004073544151046839,14,12
handcrafted,rbf_svm,all,pooled_views,rgb,0.01,1.0,0.8624763589025618,balanced_accuracy,0.8136072646013873,0.7846805982125044,0.8401217870690268,14,12
handcrafted,rbf_svm,all,pooled_views,rgb,0.01,1.0,0.8624763589025618,macro_f1,0.8115219052881425,0.7824713506178893,0.8385244900152983,14,12
handcrafted,rbf_svm,all,pooled_views,rgb,0.01,1.0,0.8624763589025618,auroc,0.9207193171826251,0.9029565315452894,0.9382282893533227,14,12
handcrafted,rbf_svm,all,pooled_views,rgb,0.01,1.0,0.8624763589025618,balanced_misclassification_regret,0.0030931174880672128,0.002150398343335017,0.004202732917876832,14,12
handcrafted,hist_gradient_boosting,all,pooled_views,rgb,0.01,1.0,0.8624763589025618,balanced_accuracy,0.8067292006077277,0.782605597073994,0.8335813977376233,14,12
handcrafted,hist_gradient_boosting,all,pooled_views,rgb,0.01,1.0,0.8624763589025618,macro_f1,0.8043091106259279,0.7796234618534931,0.8316162682915813,14,12
handcrafted,hist_gradient_boosting,all,pooled_views,rgb,0.01,1.0,0.8624763589025618,auroc,0.9336025628691617,0.9172846453678974,0.9490265800047588,14,12
handcrafted,hist_gradient_boosting,all,pooled_views,rgb,0.01,1.0,0.8624763589025618,balanced_misclassification_regret,0.0035193359906454387,0.0021356772009721607,0.005651101880701252,14,12
handcrafted,mlp,all,pooled_views,rgb,0.01,1.0,0.8624763589025618,balanced_accuracy,0.787183887929407,0.7445107105179298,0.8208673129364072,14,12
handcrafted,mlp,all,pooled_views,rgb,0.01,1.0,0.8624763589025618,macro_f1,0.7821290256190929,0.7357395688657279,0.8183826034853154,14,12
handcrafted,mlp,all,pooled_views,rgb,0.01,1.0,0.8624763589025618,auroc,0.9155714912478454,0.8813501634133735,0.9409424029359441,14,12
handcrafted,mlp,all,pooled_views,rgb,0.01,1.0,0.8624763589025618,balanced_misclassification_regret,0.003664509087934613,0.0023674461861142564,0.005309010306587604,14,12
handcrafted,window_logistic,all,pooled_views,rgb,0.01,1.0,0.8624763589025618,balanced_accuracy,0.7309934242279527,0.68600367638738,0.774821663938547,14,12
handcrafted,window_logistic,all,pooled_views,rgb,0.01,1.0,0.8624763589025618,macro_f1,0.730771676245512,0.6849115300933901,0.7757683083080686,14,12
handcrafted,window_logistic,all,pooled_views,rgb,0.01,1.0,0.8624763589025618,auroc,0.8934205412333993,0.8622368460585933,0.9214923064560028,14,12
handcrafted,window_logistic,all,pooled_views,rgb,0.01,1.0,0.8624763589025618,balanced_misclassification_regret,0.006575164624813908,0.004700677406192583,0.008742404463537808,14,12
dinov2,logistic,all,pooled_views,rgb,0.01,1.0,0.8624763589025618,balanced_accuracy,0.7823321702625264,0.7471120625497741,0.818707847504851,14,12
dinov2,logistic,all,pooled_views,rgb,0.01,1.0,0.8624763589025618,macro_f1,0.781112881175334,0.7455133052762267,0.8177751343785283,14,12
dinov2,logistic,all,pooled_views,rgb,0.01,1.0,0.8624763589025618,auroc,0.9120837935642658,0.8886072239542996,0.9359203364230207,14,12
dinov2,logistic,all,pooled_views,rgb,0.01,1.0,0.8624763589025618,balanced_misclassification_regret,0.00494102467723165,0.0030863397093840277,0.007178898881666514,14,12
dinov2,random_forest,all,pooled_views,rgb,0.01,1.0,0.8624763589025618,balanced_accuracy,0.8220043696869416,0.789881630994448,0.8531171921816906,14,12
dinov2,random_forest,all,pooled_views,rgb,0.01,1.0,0.8624763589025618,macro_f1,0.8176591022104575,0.7821956428504598,0.8513635408753948,14,12
dinov2,random_forest,all,pooled_views,rgb,0.01,1.0,0.8624763589025618,auroc,0.9388566543026596,0.9195996631295167,0.9563866276512086,14,12
dinov2,random_forest,all,pooled_views,rgb,0.01,1.0,0.8624763589025618,balanced_misclassification_regret,0.002257368748427973,0.0017312131031154117,0.0028111360141415734,14,12
dinov2,rbf_svm,all,pooled_views,rgb,0.01,1.0,0.8624763589025618,balanced_accuracy,0.819630563961767,0.7895194595428195,0.8516999426767233,14,12
dinov2,rbf_svm,all,pooled_views,rgb,0.01,1.0,0.8624763589025618,macro_f1,0.8175672530424117,0.7865355872921509,0.8511483592720712,14,12
dinov2,rbf_svm,all,pooled_views,rgb,0.01,1.0,0.8624763589025618,auroc,0.9240224798427997,0.9034106627457038,0.9446913840432235,14,12
dinov2,rbf_svm,all,pooled_views,rgb,0.01,1.0,0.8624763589025618,balanced_misclassification_regret,0.0030036199759619583,0.00197611296309733,0.004279498201769388,14,12
dinov2,hist_gradient_boosting,all,pooled_views,rgb,0.01,1.0,0.8624763589025618,balanced_accuracy,0.8171561516692695,0.7847357259760483,0.8494853096104797,14,12
dinov2,hist_gradient_boosting,all,pooled_views,rgb,0.01,1.0,0.8624763589025618,macro_f1,0.8141251181956514,0.7787689994204882,0.849006975685268,14,12
dinov2,hist_gradient_boosting,all,pooled_views,rgb,0.01,1.0,0.8624763589025618,auroc,0.9369288534466786,0.9180454777778558,0.9546030273533243,14,12
dinov2,hist_gradient_boosting,all,pooled_views,rgb,0.01,1.0,0.8624763589025618,balanced_misclassification_regret,0.002530330520570782,0.001776977793374718,0.0033683246372353008,14,12
dinov2,mlp,all,pooled_views,rgb,0.01,1.0,0.8624763589025618,balanced_accuracy,0.788305396743653,0.7532460217827459,0.8247680168928342,14,12
dinov2,mlp,all,pooled_views,rgb,0.01,1.0,0.8624763589025618,macro_f1,0.7871242325167563,0.751598763695913,0.8238292882735265,14,12
dinov2,mlp,all,pooled_views,rgb,0.01,1.0,0.8624763589025618,auroc,0.9182136693018911,0.893892356344921,0.941885711664978,14,12
dinov2,mlp,all,pooled_views,rgb,0.01,1.0,0.8624763589025618,balanced_misclassification_regret,0.0038563625274092403,0.0025517637284453447,0.0053572863735289735,14,12
dinov2,window_logistic,all,pooled_views,rgb,0.01,1.0,0.8624763589025618,balanced_accuracy,0.7604178728804588,0.7257660560859487,0.7924741882698224,14,12
dinov2,window_logistic,all,pooled_views,rgb,0.01,1.0,0.8624763589025618,macro_f1,0.7611253974087963,0.7257882932429454,0.7934449012165267,14,12
dinov2,window_logistic,all,pooled_views,rgb,0.01,1.0,0.8624763589025618,auroc,0.9060138278186286,0.8820432491626807,0.929292578557171,14,12
dinov2,window_logistic,all,pooled_views,rgb,0.01,1.0,0.8624763589025618,balanced_misclassification_regret,0.006266752239988506,0.004222852607941771,0.008790475721601644,14,12
efficientnet,logistic,all,pooled_views,rgb,0.01,1.0,0.8624763589025618,balanced_accuracy,0.7470909477963095,0.7064693026077474,0.7885768718796499,14,12
efficientnet,logistic,all,pooled_views,rgb,0.01,1.0,0.8624763589025618,macro_f1,0.745726245106033,0.7066581023418068,0.7861686633406965,14,12
efficientnet,logistic,all,pooled_views,rgb,0.01,1.0,0.8624763589025618,auroc,0.8834644996762423,0.8471377189927295,0.9175579742373061,14,12
efficientnet,logistic,all,pooled_views,rgb,0.01,1.0,0.8624763589025618,balanced_misclassification_regret,0.006302708906327711,0.003800495043959137,0.009275428055210528,14,12
efficientnet,random_forest,all,pooled_views,rgb,0.01,1.0,0.8624763589025618,balanced_accuracy,0.8195460560918238,0.7885979302246577,0.8476669269226482,14,12
efficientnet,random_forest,all,pooled_views,rgb,0.01,1.0,0.8624763589025618,macro_f1,0.8143591940617566,0.7797422057696661,0.8462551613804554,14,12
efficientnet,random_forest,all,pooled_views,rgb,0.01,1.0,0.8624763589025618,auroc,0.9370553823025292,0.9174526426089604,0.954633340477845,14,12
efficientnet,random_forest,all,pooled_views,rgb,0.01,1.0,0.8624763589025618,balanced_misclassification_regret,0.0021943157939936057,0.0017051121638256442,0.002735025424522731,14,12
efficientnet,rbf_svm,all,pooled_views,rgb,0.01,1.0,0.8624763589025618,balanced_accuracy,0.7982797207747758,0.7627069109088571,0.8372002860761533,14,12
efficientnet,rbf_svm,all,pooled_views,rgb,0.01,1.0,0.8624763589025618,macro_f1,0.7953952920471318,0.7588635480848703,0.8345319518445613,14,12
efficientnet,rbf_svm,all,pooled_views,rgb,0.01,1.0,0.8624763589025618,auroc,0.9197387215016156,0.8994094114985917,0.9406113476608865,14,12
efficientnet,rbf_svm,all,pooled_views,rgb,0.01,1.0,0.8624763589025618,balanced_misclassification_regret,0.004199454117107413,0.002134883597066772,0.0068479225479004015,14,12
efficientnet,hist_gradient_boosting,all,pooled_views,rgb,0.01,1.0,0.8624763589025618,balanced_accuracy,0.8187175837966388,0.7870048736798985,0.8493679963464925,14,12
efficientnet,hist_gradient_boosting,all,pooled_views,rgb,0.01,1.0,0.8624763589025618,macro_f1,0.8145123077773223,0.7790517377555404,0.8485377745979907,14,12
efficientnet,hist_gradient_boosting,all,pooled_views,rgb,0.01,1.0,0.8624763589025618,auroc,0.9366951140684613,0.9167517342112896,0.9548109003298617,14,12
efficientnet,hist_gradient_boosting,all,pooled_views,rgb,0.01,1.0,0.8624763589025618,balanced_misclassification_regret,0.002229452395860273,0.0016753940507451901,0.002837796229221395,14,12
efficientnet,mlp,all,pooled_views,rgb,0.01,1.0,0.8624763589025618,balanced_accuracy,0.7732931109617963,0.728403808846339,0.8187719793173929,14,12
efficientnet,mlp,all,pooled_views,rgb,0.01,1.0,0.8624763589025618,macro_f1,0.7696021053881156,0.7249367977622176,0.8156912678386977,14,12
efficientnet,mlp,all,pooled_views,rgb,0.01,1.0,0.8624763589025618,auroc,0.9034411572548007,0.8712395423143016,0.9339042750281314,14,12
efficientnet,mlp,all,pooled_views,rgb,0.01,1.0,0.8624763589025618,balanced_misclassification_regret,0.005657854656534508,0.0029099581690027426,0.009285771221335611,14,12
efficientnet,window_logistic,all,pooled_views,rgb,0.01,1.0,0.8624763589025618,balanced_accuracy,0.7438365698186762,0.7080091373472189,0.7810598360130531,14,12
efficientnet,window_logistic,all,pooled_views,rgb,0.01,1.0,0.8624763589025618,macro_f1,0.7445308347253122,0.7102605342363345,0.780682726580778,14,12
efficientnet,window_logistic,all,pooled_views,rgb,0.01,1.0,0.8624763589025618,auroc,0.876812212108205,0.8392163569484992,0.91210670987841,14,12
efficientnet,window_logistic,all,pooled_views,rgb,0.01,1.0,0.8624763589025618,balanced_misclassification_regret,0.0070431295978263565,0.0043058978430237215,0.010221684174193505,14,12
mobilenet_v3_small,logistic,all,pooled_views,rgb,0.01,1.0,0.8624763589025618,balanced_accuracy,0.7599306066440529,0.728364412745392,0.7898850853408499,14,12
mobilenet_v3_small,logistic,all,pooled_views,rgb,0.01,1.0,0.8624763589025618,macro_f1,0.7580855787541353,0.7257033799169231,0.788760240424036,14,12
mobilenet_v3_small,logistic,all,pooled_views,rgb,0.01,1.0,0.8624763589025618,auroc,0.8986632587625002,0.8683402447170129,0.9263304305153361,14,12
mobilenet_v3_small,logistic,all,pooled_views,rgb,0.01,1.0,0.8624763589025618,balanced_misclassification_regret,0.0046412979232959934,0.00335213572544372,0.006041408271642928,14,12
mobilenet_v3_small,random_forest,all,pooled_views,rgb,0.01,1.0,0.8624763589025618,balanced_accuracy,0.8296379903001706,0.7981964014633031,0.8585612833278733,14,12
mobilenet_v3_small,random_forest,all,pooled_views,rgb,0.01,1.0,0.8624763589025618,macro_f1,0.825529366082189,0.7913445252797455,0.8571593526917929,14,12
mobilenet_v3_small,random_forest,all,pooled_views,rgb,0.01,1.0,0.8624763589025618,auroc,0.9425184596312626,0.9235328816264241,0.9593613629576109,14,12
mobilenet_v3_small,random_forest,all,pooled_views,rgb,0.01,1.0,0.8624763589025618,balanced_misclassification_regret,0.002111564258572262,0.0016886226556348985,0.0025818567941536022,14,12
mobilenet_v3_small,rbf_svm,all,pooled_views,rgb,0.01,1.0,0.8624763589025618,balanced_accuracy,0.8230672784666284,0.7924337501056499,0.8538259011527637,14,12
mobilenet_v3_small,rbf_svm,all,pooled_views,rgb,0.01,1.0,0.8624763589025618,macro_f1,0.8209531819604666,0.7888739519157346,0.8530063468540939,14,12
mobilenet_v3_small,rbf_svm,all,pooled_views,rgb,0.01,1.0,0.8624763589025618,auroc,0.9308724736926277,0.9106674364336321,0.95037247956261,14,12
mobilenet_v3_small,rbf_svm,all,pooled_views,rgb,0.01,1.0,0.8624763589025618,balanced_misclassification_regret,0.0029283841509458466,0.0017356893094176138,0.004699237814971045,14,12
mobilenet_v3_small,hist_gradient_boosting,all,pooled_views,rgb,0.01,1.0,0.8624763589025618,balanced_accuracy,0.8274573476928623,0.7998618711275508,0.8521192982453347,14,12
mobilenet_v3_small,hist_gradient_boosting,all,pooled_views,rgb,0.01,1.0,0.8624763589025618,macro_f1,0.8244644954129612,0.7944027160224947,0.8511216696088987,14,12
mobilenet_v3_small,hist_gradient_boosting,all,pooled_views,rgb,0.01,1.0,0.8624763589025618,auroc,0.9419349907276153,0.923099284921199,0.9580911482145563,14,12
mobilenet_v3_small,hist_gradient_boosting,all,pooled_views,rgb,0.01,1.0,0.8624763589025618,balanced_misclassification_regret,0.0021714963364029556,0.0017546044471874979,0.002614732503592513,14,12
mobilenet_v3_small,mlp,all,pooled_views,rgb,0.01,1.0,0.8624763589025618,balanced_accuracy,0.7885701394578623,0.752808154419433,0.8239589860274322,14,12
mobilenet_v3_small,mlp,all,pooled_views,rgb,0.01,1.0,0.8624763589025618,macro_f1,0.785920403480297,0.7494442299856698,0.8224431991106742,14,12
mobilenet_v3_small,mlp,all,pooled_views,rgb,0.01,1.0,0.8624763589025618,auroc,0.9167906154871814,0.8929490262977038,0.9396657789664933,14,12
mobilenet_v3_small,mlp,all,pooled_views,rgb,0.01,1.0,0.8624763589025618,balanced_misclassification_regret,0.0034973365604652356,0.002538567376995079,0.004676947714370506,14,12
mobilenet_v3_small,window_logistic,all,pooled_views,rgb,0.01,1.0,0.8624763589025618,balanced_accuracy,0.7557525412318095,0.7224049877359251,0.7885884824561539,14,12
mobilenet_v3_small,window_logistic,all,pooled_views,rgb,0.01,1.0,0.8624763589025618,macro_f1,0.7566040877657453,0.7233853820967412,0.7888922726621622,14,12
mobilenet_v3_small,window_logistic,all,pooled_views,rgb,0.01,1.0,0.8624763589025618,auroc,0.9015862568431041,0.8725533013909301,0.9282349277211195,14,12
mobilenet_v3_small,window_logistic,all,pooled_views,rgb,0.01,1.0,0.8624763589025618,balanced_misclassification_regret,0.0064524523075990175,0.004219560687633845,0.00906504855039598,14,12
repvit_m0_9,logistic,all,pooled_views,rgb,0.01,1.0,0.8624763589025618,balanced_accuracy,0.787279527054161,0.7428025474903649,0.8309055064502767,14,12
repvit_m0_9,logistic,all,pooled_views,rgb,0.01,1.0,0.8624763589025618,macro_f1,0.7858807772903972,0.7404294753078244,0.8302208065940114,14,12
repvit_m0_9,logistic,all,pooled_views,rgb,0.01,1.0,0.8624763589025618,auroc,0.9154478313692961,0.8849990743077292,0.9433811764298382,14,12
repvit_m0_9,logistic,all,pooled_views,rgb,0.01,1.0,0.8624763589025618,balanced_misclassification_regret,0.005283673172388685,0.0024441612060981943,0.009950068017364876,14,12
repvit_m0_9,random_forest,all,pooled_views,rgb,0.01,1.0,0.8624763589025618,balanced_accuracy,0.8149382369975994,0.7807598954840204,0.8471221885055381,14,12
repvit_m0_9,random_forest,all,pooled_views,rgb,0.01,1.0,0.8624763589025618,macro_f1,0.8097091440901557,0.7722470818352682,0.8447147679640663,14,12
repvit_m0_9,random_forest,all,pooled_views,rgb,0.01,1.0,0.8624763589025618,auroc,0.9378134824034273,0.9178645901133868,0.9557075204529198,14,12
repvit_m0_9,random_forest,all,pooled_views,rgb,0.01,1.0,0.8624763589025618,balanced_misclassification_regret,0.00268690558171448,0.0018344940137936152,0.0038014581244784256,14,12
repvit_m0_9,rbf_svm,all,pooled_views,rgb,0.01,1.0,0.8624763589025618,balanced_accuracy,0.8117966729428124,0.7754675144652263,0.847713717631499,14,12
repvit_m0_9,rbf_svm,all,pooled_views,rgb,0.01,1.0,0.8624763589025618,macro_f1,0.8089387924285155,0.7711569866796604,0.8459053903704964,14,12
repvit_m0_9,rbf_svm,all,pooled_views,rgb,0.01,1.0,0.8624763589025618,auroc,0.9247365238902273,0.9038697481676226,0.9456738362384431,14,12
repvit_m0_9,rbf_svm,all,pooled_views,rgb,0.01,1.0,0.8624763589025618,balanced_misclassification_regret,0.003121607455280156,0.0020453353764859216,0.004233610071295541,14,12
repvit_m0_9,hist_gradient_boosting,all,pooled_views,rgb,0.01,1.0,0.8624763589025618,balanced_accuracy,0.8094707680757421,0.7752861983413677,0.8440971924913133,14,12
repvit_m0_9,hist_gradient_boosting,all,pooled_views,rgb,0.01,1.0,0.8624763589025618,macro_f1,0.8059174632290551,0.7690666953106112,0.8424180402092803,14,12
repvit_m0_9,hist_gradient_boosting,all,pooled_views,rgb,0.01,1.0,0.8624763589025618,auroc,0.93459847622346,0.9143797211191227,0.9534681948634752,14,12
repvit_m0_9,hist_gradient_boosting,all,pooled_views,rgb,0.01,1.0,0.8624763589025618,balanced_misclassification_regret,0.0028677635623604383,0.0019241554383679822,0.004106776898969912,14,12
repvit_m0_9,mlp,all,pooled_views,rgb,0.01,1.0,0.8624763589025618,balanced_accuracy,0.7878555845641367,0.7505444183835537,0.8276340608468116,14,12
repvit_m0_9,mlp,all,pooled_views,rgb,0.01,1.0,0.8624763589025618,macro_f1,0.7839076513823896,0.7452327375426214,0.8247445650942781,14,12
repvit_m0_9,mlp,all,pooled_views,rgb,0.01,1.0,0.8624763589025618,auroc,0.9177525485022344,0.8952723616471576,0.9407764698003459,14,12
repvit_m0_9,mlp,all,pooled_views,rgb,0.01,1.0,0.8624763589025618,balanced_misclassification_regret,0.004129580952900161,0.0026696324724199355,0.005946287281625244,14,12
repvit_m0_9,window_logistic,all,pooled_views,rgb,0.01,1.0,0.8624763589025618,balanced_accuracy,0.7770452685787738,0.7407028870674395,0.8135537361877713,14,12
repvit_m0_9,window_logistic,all,pooled_views,rgb,0.01,1.0,0.8624763589025618,macro_f1,0.7764956043393528,0.7398847206334312,0.8134007451414292,14,12
repvit_m0_9,window_logistic,all,pooled_views,rgb,0.01,1.0,0.8624763589025618,auroc,0.9180176529538153,0.8936332680812005,0.9424546188260555,14,12
repvit_m0_9,window_logistic,all,pooled_views,rgb,0.01,1.0,0.8624763589025618,balanced_misclassification_regret,0.006114251786107035,0.0037873645121355402,0.009644666534038396,14,12
convnext_tiny,logistic,all,pooled_views,rgb,0.01,1.0,0.8624763589025618,balanced_accuracy,0.7604407302129115,0.7238850283363724,0.7972903020824099,14,12
convnext_tiny,logistic,all,pooled_views,rgb,0.01,1.0,0.8624763589025618,macro_f1,0.7597059811392309,0.7249395290280035,0.7957335163902512,14,12
convnext_tiny,logistic,all,pooled_views,rgb,0.01,1.0,0.8624763589025618,auroc,0.8979933924409544,0.8742722532964935,0.9223183946601965,14,12
convnext_tiny,logistic,all,pooled_views,rgb,0.01,1.0,0.8624763589025618,balanced_misclassification_regret,0.004818490984401105,0.003205831697845686,0.006726704638696469,14,12
convnext_tiny,random_forest,all,pooled_views,rgb,0.01,1.0,0.8624763589025618,balanced_accuracy,0.817511193785364,0.7861901760908357,0.8460210784411384,14,12
convnext_tiny,random_forest,all,pooled_views,rgb,0.01,1.0,0.8624763589025618,macro_f1,0.8118554746111846,0.7754719303054052,0.844327657402635,14,12
convnext_tiny,random_forest,all,pooled_views,rgb,0.01,1.0,0.8624763589025618,auroc,0.9386538727949318,0.919677141578975,0.9566033434907438,14,12
convnext_tiny,random_forest,all,pooled_views,rgb,0.01,1.0,0.8624763589025618,balanced_misclassification_regret,0.002232176761856849,0.0017837099802654687,0.0026642501696504993,14,12
convnext_tiny,rbf_svm,all,pooled_views,rgb,0.01,1.0,0.8624763589025618,balanced_accuracy,0.814147388388443,0.7831616476947678,0.8476029915731436,14,12
convnext_tiny,rbf_svm,all,pooled_views,rgb,0.01,1.0,0.8624763589025618,macro_f1,0.8118840733065941,0.779900390185822,0.845810202010835,14,12
convnext_tiny,rbf_svm,all,pooled_views,rgb,0.01,1.0,0.8624763589025618,auroc,0.9268459959075434,0.9080626225952177,0.9463722737151292,14,12
convnext_tiny,rbf_svm,all,pooled_views,rgb,0.01,1.0,0.8624763589025618,balanced_misclassification_regret,0.0028448722110266983,0.0019826592398491587,0.0038367575991068693,14,12
convnext_tiny,hist_gradient_boosting,all,pooled_views,rgb,0.01,1.0,0.8624763589025618,balanced_accuracy,0.8089119974005626,0.7789656812619713,0.8389187048934055,14,12
convnext_tiny,hist_gradient_boosting,all,pooled_views,rgb,0.01,1.0,0.8624763589025618,macro_f1,0.8051081509599557,0.7720132565359482,0.8371567899221021,14,12
convnext_tiny,hist_gradient_boosting,all,pooled_views,rgb,0.01,1.0,0.8624763589025618,auroc,0.9355386235878352,0.9173070202921602,0.9531037648745777,14,12
convnext_tiny,hist_gradient_boosting,all,pooled_views,rgb,0.01,1.0,0.8624763589025618,balanced_misclassification_regret,0.002952036166852159,0.002000429115840583,0.004014833801426683,14,12
convnext_tiny,mlp,all,pooled_views,rgb,0.01,1.0,0.8624763589025618,balanced_accuracy,0.7857873162917919,0.7511569126327862,0.823899397326866,14,12
convnext_tiny,mlp,all,pooled_views,rgb,0.01,1.0,0.8624763589025618,macro_f1,0.7847900363711112,0.7510334862956929,0.82217308377394,14,12
convnext_tiny,mlp,all,pooled_views,rgb,0.01,1.0,0.8624763589025618,auroc,0.9167765414177834,0.8982442008211232,0.9369903826216983,14,12
convnext_tiny,mlp,all,pooled_views,rgb,0.01,1.0,0.8624763589025618,balanced_misclassification_regret,0.00480999048887731,0.002588705702145967,0.007546671110467554,14,12
convnext_tiny,window_logistic,all,pooled_views,rgb,0.01,1.0,0.8624763589025618,balanced_accuracy,0.7632822424345673,0.7244342380254665,0.8047969580968991,14,12
convnext_tiny,window_logistic,all,pooled_views,rgb,0.01,1.0,0.8624763589025618,macro_f1,0.7633494474756581,0.7248028665911731,0.8046535707073037,14,12
convnext_tiny,window_logistic,all,pooled_views,rgb,0.01,1.0,0.8624763589025618,auroc,0.9067102499047421,0.8836960995560953,0.9309062247876773,14,12
convnext_tiny,window_logistic,all,pooled_views,rgb,0.01,1.0,0.8624763589025618,balanced_misclassification_regret,0.0057590982894328785,0.003937337163693239,0.008014646779766129,14,12
dinov3,logistic,all,pooled_views,rgb,0.01,1.0,0.8624763589025618,balanced_accuracy,0.7894500284018365,0.7565093224967531,0.8240555164041141,14,12
dinov3,logistic,all,pooled_views,rgb,0.01,1.0,0.8624763589025618,macro_f1,0.7893999935734616,0.7559795755701041,0.8239302994362093,14,12
dinov3,logistic,all,pooled_views,rgb,0.01,1.0,0.8624763589025618,auroc,0.9210046486763014,0.8984725518212762,0.9431491742510345,14,12
dinov3,logistic,all,pooled_views,rgb,0.01,1.0,0.8624763589025618,balanced_misclassification_regret,0.004253709059989745,0.0026477110879703745,0.006271451662571713,14,12
dinov3,logistic,all,pooled_views,rgb_time,0.01,1.0,0.8624763589025618,balanced_accuracy,0.7992338476143858,0.7576057632440235,0.8409489390612739,14,12
dinov3,logistic,all,pooled_views,rgb_time,0.01,1.0,0.8624763589025618,macro_f1,0.7986789992165974,0.7559891169826275,0.8410411837364017,14,12
dinov3,logistic,all,pooled_views,rgb_time,0.01,1.0,0.8624763589025618,auroc,0.9357590727079698,0.9161614818315896,0.9552663198758269,14,12
dinov3,logistic,all,pooled_views,rgb_time,0.01,1.0,0.8624763589025618,balanced_misclassification_regret,0.0034940273618332355,0.0022476523017103235,0.005009587604265354,14,12
dinov3,random_forest,all,pooled_views,rgb,0.01,1.0,0.8624763589025618,balanced_accuracy,0.8269488607368851,0.7949866410535291,0.858629030734521,14,12
dinov3,random_forest,all,pooled_views,rgb,0.01,1.0,0.8624763589025618,macro_f1,0.823017457132484,0.7881345294906928,0.8568703356588381,14,12
dinov3,random_forest,all,pooled_views,rgb,0.01,1.0,0.8624763589025618,auroc,0.9443912365267485,0.9256093552651509,0.9614857975742922,14,12
dinov3,random_forest,all,pooled_views,rgb,0.01,1.0,0.8624763589025618,balanced_misclassification_regret,0.002187129132605064,0.0016879132477163523,0.0027439974108056588,14,12
dinov3,rbf_svm,all,pooled_views,rgb,0.01,1.0,0.8624763589025618,balanced_accuracy,0.8227687524309717,0.7931618664496177,0.8531957935757497,14,12
dinov3,rbf_svm,all,pooled_views,rgb,0.01,1.0,0.8624763589025618,macro_f1,0.8211486322433267,0.7905364592959797,0.8524208011191202,14,12
dinov3,rbf_svm,all,pooled_views,rgb,0.01,1.0,0.8624763589025618,auroc,0.9314592077675702,0.9113517923716346,0.9514045904438113,14,12
dinov3,rbf_svm,all,pooled_views,rgb,0.01,1.0,0.8624763589025618,balanced_misclassification_regret,0.0022622669480556953,0.0017583664024037379,0.0027735427898923463,14,12
dinov3,hist_gradient_boosting,all,pooled_views,rgb,0.01,1.0,0.8624763589025618,balanced_accuracy,0.8232503165314075,0.7912374551968954,0.8544208708301093,14,12
dinov3,hist_gradient_boosting,all,pooled_views,rgb,0.01,1.0,0.8624763589025618,macro_f1,0.8195071059127087,0.785163081960281,0.8531921816065664,14,12
dinov3,hist_gradient_boosting,all,pooled_views,rgb,0.01,1.0,0.8624763589025618,auroc,0.9403553412309188,0.920491681999078,0.9586692623263865,14,12
dinov3,hist_gradient_boosting,all,pooled_views,rgb,0.01,1.0,0.8624763589025618,balanced_misclassification_regret,0.0021864659382885513,0.0016909248810764038,0.0027287086633027823,14,12
dinov3,mlp,all,pooled_views,rgb,0.01,1.0,0.8624763589025618,balanced_accuracy,0.7872075308590726,0.7545598653686972,0.8207263606455287,14,12
dinov3,mlp,all,pooled_views,rgb,0.01,1.0,0.8624763589025618,macro_f1,0.786975969184765,0.7548518432158079,0.8202338968255425,14,12
dinov3,mlp,all,pooled_views,rgb,0.01,1.0,0.8624763589025618,auroc,0.9183493148506116,0.8973936603072392,0.9397538998068226,14,12
dinov3,mlp,all,pooled_views,rgb,0.01,1.0,0.8624763589025618,balanced_misclassification_regret,0.004372120927211044,0.002745316320974555,0.006272891577806914,14,12
dinov3,window_logistic,all,pooled_views,rgb,0.01,1.0,0.8624763589025618,balanced_accuracy,0.7784225756371557,0.7452089728533164,0.8126211934592957,14,12
dinov3,window_logistic,all,pooled_views,rgb,0.01,1.0,0.8624763589025618,macro_f1,0.779871729468029,0.7461449960102227,0.8139527243403647,14,12
dinov3,window_logistic,all,pooled_views,rgb,0.01,1.0,0.8624763589025618,auroc,0.9226761499545372,0.8999687598661799,0.9454995307748641,14,12
dinov3,window_logistic,all,pooled_views,rgb,0.01,1.0,0.8624763589025618,balanced_misclassification_regret,0.0051710610262208105,0.003813804478398082,0.007003936512962268,14,12
siglip2,logistic,all,pooled_views,rgb,0.01,1.0,0.8624763589025618,balanced_accuracy,0.7737821524016071,0.7413391201009519,0.8075370647211182,14,12
siglip2,logistic,all,pooled_views,rgb,0.01,1.0,0.8624763589025618,macro_f1,0.7739425374417456,0.7431745063762677,0.8067644905473231,14,12
siglip2,logistic,all,pooled_views,rgb,0.01,1.0,0.8624763589025618,auroc,0.9060198308242247,0.8830214032457195,0.9290644391570878,14,12
siglip2,logistic,all,pooled_views,rgb,0.01,1.0,0.8624763589025618,balanced_misclassification_regret,0.004535036898516368,0.002932895539195412,0.00657144571716884,14,12
siglip2,random_forest,all,pooled_views,rgb,0.01,1.0,0.8624763589025618,balanced_accuracy,0.8190115499877355,0.7892545692251087,0.8505819434213593,14,12
siglip2,random_forest,all,pooled_views,rgb,0.01,1.0,0.8624763589025618,macro_f1,0.8144573657242341,0.781685023595564,0.8479018713170561,14,12
siglip2,random_forest,all,pooled_views,rgb,0.01,1.0,0.8624763589025618,auroc,0.9366255595273478,0.9178904375412027,0.9545423486683001,14,12
siglip2,random_forest,all,pooled_views,rgb,0.01,1.0,0.8624763589025618,balanced_misclassification_regret,0.002445015304426416,0.0018977740191535599,0.0030118012122228198,14,12
siglip2,rbf_svm,all,pooled_views,rgb,0.01,1.0,0.8624763589025618,balanced_accuracy,0.8140201691323518,0.7850587791866761,0.8467241838504707,14,12
siglip2,rbf_svm,all,pooled_views,rgb,0.01,1.0,0.8624763589025618,macro_f1,0.8117279651035374,0.7817822572044244,0.8462428029696835,14,12
siglip2,rbf_svm,all,pooled_views,rgb,0.01,1.0,0.8624763589025618,auroc,0.9179075879784975,0.8969442599776328,0.9400868295659568,14,12
siglip2,rbf_svm,all,pooled_views,rgb,0.01,1.0,0.8624763589025618,balanced_misclassification_regret,0.0027566065806759795,0.0019579177242146943,0.003616501528709816,14,12
siglip2,hist_gradient_boosting,all,pooled_views,rgb,0.01,1.0,0.8624763589025618,balanced_accuracy,0.806893167799798,0.7793986321564493,0.8382717359919707,14,12
siglip2,hist_gradient_boosting,all,pooled_views,rgb,0.01,1.0,0.8624763589025618,macro_f1,0.8043197630473609,0.7743020958564967,0.8371043552401565,14,12
siglip2,hist_gradient_boosting,all,pooled_views,rgb,0.01,1.0,0.8624763589025618,auroc,0.932034509747416,0.9129301476104351,0.9507202662367535,14,12
siglip2,hist_gradient_boosting,all,pooled_views,rgb,0.01,1.0,0.8624763589025618,balanced_misclassification_regret,0.0027143802662234796,0.002114477235445022,0.003432436203131882,14,12
siglip2,mlp,all,pooled_views,rgb,0.01,1.0,0.8624763589025618,balanced_accuracy,0.7736252327913054,0.7412526564864956,0.8087605527028732,14,12
siglip2,mlp,all,pooled_views,rgb,0.01,1.0,0.8624763589025618,macro_f1,0.7717464363928072,0.7402735811912555,0.8067029938216007,14,12
siglip2,mlp,all,pooled_views,rgb,0.01,1.0,0.8624763589025618,auroc,0.9075006963298415,0.8876720782749081,0.9287026034171084,14,12
siglip2,mlp,all,pooled_views,rgb,0.01,1.0,0.8624763589025618,balanced_misclassification_regret,0.004229010390619791,0.002801815426096697,0.005934229346054846,14,12
siglip2,window_logistic,all,pooled_views,rgb,0.01,1.0,0.8624763589025618,balanced_accuracy,0.7668150944880976,0.7354929250366632,0.8024884290327134,14,12
siglip2,window_logistic,all,pooled_views,rgb,0.01,1.0,0.8624763589025618,macro_f1,0.7678184671704793,0.7367314074484972,0.8032249236632895,14,12
siglip2,window_logistic,all,pooled_views,rgb,0.01,1.0,0.8624763589025618,auroc,0.9084857401210887,0.8880758807125524,0.9298426547056025,14,12
siglip2,window_logistic,all,pooled_views,rgb,0.01,1.0,0.8624763589025618,balanced_misclassification_regret,0.005961604173008411,0.0038877740923843255,0.008743032175514767,14,12
dinov3,logistic,front,single_view,rgb,0.01,1.0,0.8643468003538779,balanced_accuracy,0.8080679846627046,0.770046695189845,0.8460470369567255,14,12
dinov3,logistic,front,single_view,rgb,0.01,1.0,0.8643468003538779,macro_f1,0.8054260720953582,0.7666571138255852,0.8448241644565204,14,12
dinov3,logistic,front,single_view,rgb,0.01,1.0,0.8643468003538779,auroc,0.9369093629684383,0.9169805552731672,0.9558984280633461,14,12
dinov3,logistic,front,single_view,rgb,0.01,1.0,0.8643468003538779,balanced_misclassification_regret,0.002903399690254799,0.0018955961761858856,0.004157610696047227,14,12
