cycle_name,valid,invalid_reason,anchor_start,q_clean_kw,power_clean_kw,cop_clean,observed_points
frost_cycle_000001,True,,2026-07-14 17:25:59.000000000,6.666461999999997,2.912,2.2893070054945044,59.0
frost_cycle_000002,True,,2026-07-14 17:44:16.000000000,4.911030000000012,1.63,3.012901840490805,59.0
frost_cycle_000003,True,,2026-07-14 18:12:55.000000000,6.464447999999996,2.805,2.304616042780747,51.0
frost_cycle_000004,True,,2026-07-14 21:24:26.000000000,5.542614000000002,2.953,1.8769434473416873,57.0
frost_cycle_000005,False,clean_anchor_coverage_below_80pct,,,,,
frost_cycle_000006,True,,2026-07-15 15:52:17.000000000,7.472195999999997,2.8325,2.6380215357458066,56.0
frost_cycle_000007,True,,2026-07-15 17:01:52.000000000,7.151759999999998,2.569,2.7838692098092634,59.0
frost_cycle_000008,True,,2026-07-15 20:20:39.000000000,6.644403000000006,2.91,2.283300000000002,57.0
frost_cycle_000009,True,,2026-07-15 23:31:13.000000000,6.640920000000001,2.881,2.305074626865672,53.0
frost_cycle_000010,True,,2026-07-16 10:02:01.000000000,7.523280000000001,2.9314999999999998,2.5663585195292518,58.0
frost_cycle_000011,True,,2026-07-16 10:58:00.000000000,7.6028084999999965,2.6915,2.824747724317294,58.0
frost_cycle_000012,True,,2026-07-16 14:28:08.000000000,6.634534499999997,2.912,2.2783428914835158,60.0
frost_cycle_000013,False,clean_anchor_coverage_below_80pct,,,,,
frost_cycle_000014,True,,2026-07-16 20:53:42.000000000,7.3044315000000015,2.8505000000000003,2.5625088580950712,60.0
frost_cycle_000015,False,clean_anchor_coverage_below_80pct,,,,,
frost_cycle_000016,True,,2026-07-17 13:44:48.000000000,5.1618060000000145,1.7,3.036356470588244,55.0
frost_cycle_000017,True,,2026-07-17 16:25:51.000000000,7.168014000000005,2.743,2.613202333211814,55.0
frost_cycle_000018,True,,2026-07-17 19:38:28.000000000,6.488828999999998,2.83,2.2928724381625436,60.0
frost_cycle_000019,True,,2026-07-17 22:48:46.000000000,7.084421999999997,2.661,2.66231567080045,59.0
frost_cycle_000020,True,,2026-07-20 10:04:40.000000000,7.61616,2.992,2.5455080213903742,60.0
frost_cycle_000021,True,,2026-07-20 13:23:48.000000000,7.603389,2.8535000000000004,2.664583493954792,56.0
frost_cycle_000022,True,,2026-07-20 16:36:54.000000000,7.149438000000003,2.6814999999999998,2.6662084654111515,56.0
frost_cycle_000023,True,,2026-07-21 09:10:24.000000000,6.959034000000006,2.551,2.727963151705216,57.0
frost_cycle_000024,True,,2026-07-21 10:12:12.000000000,7.7398065,2.7875,2.776612197309417,54.0
frost_cycle_000025,True,,2026-07-21 13:25:36.000000000,7.383959999999996,2.7515,2.6836125749591115,60.0
frost_cycle_000026,True,,2026-07-21 16:38:25.000000000,7.151760000000001,2.738,2.612037983929876,59.0
frost_cycle_000027,True,,2026-07-21 19:19:55.000000000,7.0821000000000005,2.7365000000000004,2.5880138863511783,58.0
frost_cycle_000028,True,,2026-07-21 22:02:05.000000000,7.076294999999996,2.748,2.5750709606986883,55.0
frost_cycle_000029,True,,2026-07-23 09:33:34.000000000,6.959034000000006,2.4725,2.8145739130434806,60.0
frost_cycle_000030,True,,2026-07-23 10:57:25.000000000,7.24464,2.706,2.677250554323725,56.0
frost_cycle_000031,True,,2026-07-23 11:55:31.000000000,7.042045499999992,2.68,2.6276289179104446,56.0
frost_cycle_000032,True,,2026-07-23 13:09:00.000000000,7.370028000000002,2.7885,2.6430080688542237,60.0
frost_cycle_000033,True,,2026-07-23 15:50:20.000000000,6.711741000000002,2.621,2.560755818389928,54.0
frost_cycle_000034,True,,2026-07-23 18:34:34.000000000,6.315840000000001,2.445,2.5831656441717796,57.0
frost_cycle_000035,True,,2026-07-23 21:17:35.000000000,6.513209999999996,2.5309999999999997,2.5733741604109035,60.0
frost_cycle_000036,True,,2026-07-24 09:24:47.000000000,6.3947879999999975,2.1590000000000003,2.961921259842518,51.0
frost_cycle_000037,True,,2026-07-24 12:45:52.000000000,6.863832000000003,2.6065,2.633352004603876,58.0
frost_cycle_000038,True,,2026-07-24 15:21:07.000000000,4.911030000000012,1.7069999999999999,2.8769947275922743,58.0
frost_cycle_000039,True,,2026-07-24 15:47:09.000000000,6.436584000000009,2.515,2.55927793240557,59.0
frost_cycle_000040,True,,2026-07-24 18:29:48.000000000,6.739605000000008,2.595,2.597150289017344,59.0
frost_cycle_000041,True,,2026-07-24 21:10:16.000000000,6.656012999999997,2.632,2.528880319148935,55.0
frost_cycle_000042,True,,2026-07-27 09:41:26.000000000,7.380476999999996,2.716,2.7174068483063314,59.0
frost_cycle_000043,True,,2026-07-27 11:18:51.000000000,9.573606000000005,3.674,2.605771910724008,57.0
frost_cycle_000044,True,,2026-07-27 13:49:54.000000000,8.18505,3.472,2.357445276497696,59.0
frost_cycle_000045,True,,2026-07-27 16:29:57.000000000,7.227224999999998,3.323,2.1749097201324097,59.0
frost_cycle_000046,True,,2026-07-27 18:41:21.000000000,6.943940999999997,3.2475,2.1382420323325624,58.0
frost_cycle_000047,True,,2026-07-27 20:51:37.000000000,7.05888,3.266,2.161322718922229,59.0
frost_cycle_000048,True,,2026-07-27 23:02:36.000000000,6.954390000000002,3.231,2.152395543175488,58.0
frost_cycle_000049,True,,2026-07-28 09:23:12.000000000,9.272906999999996,3.594,2.5801076794657756,57.0
frost_cycle_000050,True,,2026-07-28 11:39:18.000000000,7.787987999999998,3.3884999999999996,2.2983585657370513,58.0
frost_cycle_000051,True,,2026-07-28 13:51:42.000000000,8.136287999999997,3.465,2.348135064935064,57.0
frost_cycle_000052,True,,2026-07-28 15:59:38.000000000,6.794172000000002,3.222,2.1086815642458108,58.0
frost_cycle_000053,True,,2026-07-28 18:12:24.000000000,7.63938,3.456,2.21046875,58.0
frost_cycle_000054,True,,2026-07-28 20:20:53.000000000,6.9590339999999955,3.274,2.125544899205863,59.0
frost_cycle_000055,True,,2026-07-28 22:32:26.000000000,7.044948000000002,3.201,2.200858481724462,57.0
frost_cycle_000056,True,,2026-07-29 09:46:02.000000000,9.404100000000001,3.567,2.6364171572750212,56.0
frost_cycle_000057,True,,2026-07-29 12:02:09.000000000,7.044947999999996,3.321,2.121333333333332,59.0
frost_cycle_000058,True,,2026-07-29 14:13:20.000000000,7.147115999999995,3.299,2.166449227038495,57.0
frost_cycle_000059,True,,2026-07-29 16:23:48.000000000,7.0995149999999985,3.2824999999999998,2.1628377760853006,58.0
frost_cycle_000060,True,,2026-07-29 18:36:17.000000000,7.941240000000002,3.461,2.294492921121064,58.0
frost_cycle_000061,True,,2026-07-29 20:48:05.000000000,8.407961999999994,3.475,2.4195574100719406,57.0
frost_cycle_000062,True,,2026-07-29 22:55:59.000000000,7.0623629999999995,3.3175,2.1288207987942727,58.0
frost_cycle_000063,True,,2026-07-30 09:56:11.000000000,9.414549000000004,3.628,2.5949694046306515,59.0
frost_cycle_000064,True,,2026-07-30 12:14:38.999999999,8.167634999999995,3.506,2.3296163719338265,59.0
frost_cycle_000065,True,,2026-07-30 14:23:21.000000000,7.854165,3.4875,2.2520903225806452,58.0
frost_cycle_000066,True,,2026-07-30 16:34:10.000000000,8.0033535,3.52,2.273679971590909,58.0
frost_cycle_000067,True,,2026-07-30 18:45:48.000000000,8.167635000000004,3.5235000000000003,2.3180459770114954,56.0
frost_cycle_000068,True,,2026-07-30 20:56:52.000000000,8.225685000000002,3.552,2.3157896959459463,59.0
frost_cycle_000069,True,,2026-07-30 23:02:44.000000000,6.408720000000006,3.2910000000000004,1.9473473108477681,58.0
frost_cycle_000070,True,,2026-07-31 09:32:29.000000000,9.216017999999998,3.5820000000000003,2.572869346733668,58.0
frost_cycle_000071,True,,2026-07-31 11:47:35.000000000,7.552305,3.4764999999999997,2.172387458650942,60.0
frost_cycle_000072,True,,2026-07-31 13:59:49.000000000,8.084623500000006,3.527,2.2922096682733217,58.0
frost_cycle_000073,True,,2026-07-31 16:09:33.000000000,8.251227,3.485,2.3676404591104734,57.0
frost_cycle_000074,True,,2026-07-31 18:14:51.000000000,7.774056000000003,3.1795,2.4450561409026585,52.0
frost_cycle_000075,True,,2026-07-31 19:10:42.000000000,6.78024,3.269,2.0741021719180175,57.0
frost_cycle_000076,True,,2026-07-31 21:26:54.000000000,8.012061000000005,3.611,2.2187928551647755,58.0
frost_cycle_000077,True,,2026-07-31 23:33:15.000000000,6.701291999999998,3.331,2.0117958570999694,55.0
frost_cycle_000078,True,,2026-08-03 09:59:42.000000000,9.083664000000008,3.497,2.597559050614815,56.0
frost_cycle_000079,True,,2026-08-03 12:16:55.000000000,8.045149499999999,3.469,2.3191552320553472,56.0
frost_cycle_000080,True,,2026-08-03 14:26:04.000000000,7.491933000000001,3.386,2.2126204961606617,56.0
frost_cycle_000081,True,,2026-08-03 16:38:22.000000000,7.973748000000006,3.502,2.2769126213592252,57.0
frost_cycle_000082,True,,2026-08-03 18:46:51.000000000,7.302689999999998,3.372,2.1656850533807823,59.0
frost_cycle_000083,True,,2026-08-03 20:59:34.000000000,8.282574000000004,3.5620000000000003,2.3252594048287487,56.0
frost_cycle_000084,True,,2026-08-03 23:06:00.000000000,7.241156999999995,3.281,2.2069969521487334,59.0
frost_cycle_000085,True,,2026-08-04 09:07:09.000000000,7.001990999999991,2.591,2.7024280200694677,55.0
frost_cycle_000086,True,,2026-08-04 10:11:55.000000000,7.401375,3.4210000000000003,2.1635121309558607,58.0
frost_cycle_000087,True,,2026-08-04 11:03:10.000000000,7.411823999999999,3.4880000000000004,2.124949541284403,58.0
frost_cycle_000088,True,,2026-08-04 12:17:24.000000000,7.30269,3.459,2.111214223764094,58.0
frost_cycle_000089,True,,2026-08-04 13:39:15.000000000,8.025993000000005,3.596,2.2319224137931046,57.0
frost_cycle_000090,True,,2026-08-04 15:19:05.000000000,9.06741,3.873,2.341185127807901,58.0
frost_cycle_000091,True,,2026-08-04 17:19:36.000000000,8.323209000000006,3.512,2.36993422551253,57.0
frost_cycle_000092,True,,2026-08-04 19:30:57.000000000,8.470655999999998,3.547,2.388118409923879,57.0
frost_cycle_000093,True,,2026-08-04 21:38:12.000000000,7.280050500000002,3.275,2.2229161832061077,56.0
frost_cycle_000094,True,,2026-08-04 23:39:53.000000000,4.931927999999992,1.5670000000000002,3.147369495851941,58.0
frost_cycle_000095,True,,2026-08-05 10:21:56.000000000,9.651393000000002,3.613,2.6712961527816224,58.0
frost_cycle_000096,True,,2026-08-05 12:36:05.000000000,7.509347999999999,3.349,2.2422657509704385,58.0
frost_cycle_000097,True,,2026-08-05 14:46:41.000000000,6.854543999999996,3.267,2.0981157024793378,56.0
frost_cycle_000098,True,,2026-08-05 16:57:51.000000000,6.603767999999999,3.248,2.0331798029556647,59.0
frost_cycle_000099,True,,2026-08-05 19:09:29.000000000,6.610734000000003,3.238,2.0416102532427436,58.0
frost_cycle_000100,True,,2026-08-05 21:21:12.000000000,6.615378000000002,3.21,2.0608654205607486,56.0
frost_cycle_000101,True,,2026-08-05 23:21:42.000000000,4.931927999999992,1.564,3.1534066496163633,53.0
