cycle,date,model,rmse,mae,observations,target
frost_cycle_000003,2026-07-14,residual state,0.2694242541138832,0.24953715813586025,149,D_Qe_proxy
frost_cycle_000004,2026-07-14,residual state,0.3176670479945094,0.2963176168666559,111,D_Qe_proxy
frost_cycle_000003,2026-07-14,approach temperature,0.2370551884971011,0.21533022739099847,149,D_Qe_proxy
frost_cycle_000004,2026-07-14,approach temperature,0.24643926470164998,0.22747089030727805,111,D_Qe_proxy
frost_cycle_000003,2026-07-14,residual + coil,0.2690632468055346,0.24924012679932614,149,D_Qe_proxy
frost_cycle_000004,2026-07-14,residual + coil,0.31744879945573107,0.2961307310734961,111,D_Qe_proxy
frost_cycle_000003,2026-07-14,residual + suction,0.2680789912903625,0.2485315076304352,149,D_Qe_proxy
frost_cycle_000004,2026-07-14,residual + suction,0.3092922529264306,0.28756744545495133,111,D_Qe_proxy
frost_cycle_000003,2026-07-14,residual + context,0.20312022204863472,0.1821300010431622,149,D_Qe_proxy
frost_cycle_000004,2026-07-14,residual + context,0.23931305396974387,0.22166671959960194,111,D_Qe_proxy
frost_cycle_000003,2026-07-14,residual state,0.14906378271956638,0.13743702293781698,149,D_Q
frost_cycle_000004,2026-07-14,residual state,0.17375428547871957,0.1634933402896092,111,D_Q
frost_cycle_000003,2026-07-14,approach temperature,0.1302402184892095,0.11380575895643215,149,D_Q
frost_cycle_000004,2026-07-14,approach temperature,0.12424673275950265,0.11481760463374832,111,D_Q
frost_cycle_000003,2026-07-14,residual + coil,0.15429325999398794,0.1420472127274948,149,D_Q
frost_cycle_000004,2026-07-14,residual + coil,0.1771223472459759,0.16639397355448107,111,D_Q
frost_cycle_000003,2026-07-14,residual + suction,0.1493022484536634,0.13769717235843779,149,D_Q
frost_cycle_000004,2026-07-14,residual + suction,0.1759435262070819,0.16576236172036612,111,D_Q
frost_cycle_000003,2026-07-14,residual + context,0.10229284516019947,0.08995106030304571,149,D_Q
frost_cycle_000004,2026-07-14,residual + context,0.11870752002411329,0.11014248559199094,111,D_Q
frost_cycle_000003,2026-07-14,residual state,0.07308148028703801,0.06026076561082607,148,D_COP
frost_cycle_000004,2026-07-14,residual state,0.10786150092621231,0.09817140427348627,111,D_COP
frost_cycle_000003,2026-07-14,approach temperature,0.071569285026653,0.05229920588544035,148,D_COP
frost_cycle_000004,2026-07-14,approach temperature,0.07457622723065216,0.06697407977916195,111,D_COP
frost_cycle_000003,2026-07-14,residual + coil,0.07884692318430526,0.0669016490222393,148,D_COP
frost_cycle_000004,2026-07-14,residual + coil,0.11435306487833465,0.10380731025272849,111,D_COP
frost_cycle_000003,2026-07-14,residual + suction,0.07088547315456095,0.06042018698644438,148,D_COP
frost_cycle_000004,2026-07-14,residual + suction,0.12452158980144756,0.11419160661798002,111,D_COP
frost_cycle_000003,2026-07-14,residual + context,0.05611500056269189,0.04935624518805696,148,D_COP
frost_cycle_000004,2026-07-14,residual + context,0.09186778140627837,0.08369564784668418,111,D_COP
frost_cycle_000006,2026-07-15,residual state,0.0281500936234904,0.024835333556180825,38,D_Qe_proxy
frost_cycle_000007,2026-07-15,residual state,0.10978173144866307,0.09131148290906445,171,D_Qe_proxy
frost_cycle_000008,2026-07-15,residual state,0.12577182927442185,0.10365320648652725,152,D_Qe_proxy
frost_cycle_000006,2026-07-15,approach temperature,0.021298383015398548,0.015794658746562915,38,D_Qe_proxy
frost_cycle_000007,2026-07-15,approach temperature,0.09934833351494818,0.08234440294064346,171,D_Qe_proxy
frost_cycle_000008,2026-07-15,approach temperature,0.11449334887865827,0.0947195950571172,152,D_Qe_proxy
frost_cycle_000006,2026-07-15,residual + coil,0.02864647520700495,0.02595896507983142,38,D_Qe_proxy
frost_cycle_000007,2026-07-15,residual + coil,0.10498745378655257,0.08669018551772974,171,D_Qe_proxy
frost_cycle_000008,2026-07-15,residual + coil,0.12123064951007091,0.09923068139240536,152,D_Qe_proxy
frost_cycle_000006,2026-07-15,residual + suction,0.028204642691735025,0.023777874911514982,38,D_Qe_proxy
frost_cycle_000007,2026-07-15,residual + suction,0.09210227442812834,0.07620088230364797,171,D_Qe_proxy
frost_cycle_000008,2026-07-15,residual + suction,0.12219578676826105,0.09974326781087324,152,D_Qe_proxy
frost_cycle_000006,2026-07-15,residual + context,0.03865697681694752,0.03549456658277733,38,D_Qe_proxy
frost_cycle_000007,2026-07-15,residual + context,0.08102313140871803,0.06528157028919285,171,D_Qe_proxy
frost_cycle_000008,2026-07-15,residual + context,0.08822357308965216,0.0726012939686855,152,D_Qe_proxy
frost_cycle_000006,2026-07-15,residual state,0.014518757507707366,0.012020278641557417,38,D_Q
frost_cycle_000007,2026-07-15,residual state,0.056898941156720347,0.04395047314797399,171,D_Q
frost_cycle_000008,2026-07-15,residual state,0.06643008440533106,0.05065491457598332,152,D_Q
frost_cycle_000006,2026-07-15,approach temperature,0.012193490441365312,0.008822452328729908,38,D_Q
frost_cycle_000007,2026-07-15,approach temperature,0.05770422666292182,0.04115282553137225,171,D_Q
frost_cycle_000008,2026-07-15,approach temperature,0.059686537862683936,0.04666393098161387,152,D_Q
frost_cycle_000006,2026-07-15,residual + coil,0.014525892646839317,0.011615337936370833,38,D_Q
frost_cycle_000007,2026-07-15,residual + coil,0.0585718353522668,0.04592251717230688,171,D_Q
frost_cycle_000008,2026-07-15,residual + coil,0.0683186707821742,0.05263373455895592,152,D_Q
frost_cycle_000006,2026-07-15,residual + suction,0.014433219769105653,0.011846263925163709,38,D_Q
frost_cycle_000007,2026-07-15,residual + suction,0.052558989709712525,0.04027036864082262,171,D_Q
frost_cycle_000008,2026-07-15,residual + suction,0.06537555501942473,0.049664655025775314,152,D_Q
frost_cycle_000006,2026-07-15,residual + context,0.020804099043938984,0.018494070313107448,38,D_Q
frost_cycle_000007,2026-07-15,residual + context,0.040749799985756306,0.03014834117568513,171,D_Q
frost_cycle_000008,2026-07-15,residual + context,0.043430607360461504,0.03305460788617239,152,D_Q
frost_cycle_000006,2026-07-15,residual state,0.013800903552687298,0.01165703874401073,38,D_COP
frost_cycle_000007,2026-07-15,residual state,0.0574194650284347,0.04518701910826487,171,D_COP
frost_cycle_000008,2026-07-15,residual state,0.054479933450176654,0.04287277565703126,152,D_COP
frost_cycle_000006,2026-07-15,approach temperature,0.017028842026721964,0.01466791531137816,38,D_COP
frost_cycle_000007,2026-07-15,approach temperature,0.06603100589256704,0.047112979435256046,171,D_COP
frost_cycle_000008,2026-07-15,approach temperature,0.0529803946533006,0.043244387186251974,152,D_COP
frost_cycle_000006,2026-07-15,residual + coil,0.01696699065375673,0.014547853976133554,38,D_COP
frost_cycle_000007,2026-07-15,residual + coil,0.05981479183734483,0.04938650999642635,171,D_COP
frost_cycle_000008,2026-07-15,residual + coil,0.06002804041289609,0.047311676043106606,152,D_COP
frost_cycle_000006,2026-07-15,residual + suction,0.016713161935888385,0.012843845696806687,38,D_COP
frost_cycle_000007,2026-07-15,residual + suction,0.06473669599492302,0.05399589402722998,171,D_COP
frost_cycle_000008,2026-07-15,residual + suction,0.056187691315109194,0.04436502668880943,152,D_COP
frost_cycle_000006,2026-07-15,residual + context,0.009884027645086073,0.00771738755213884,38,D_COP
frost_cycle_000007,2026-07-15,residual + context,0.04733474449164668,0.03766683079887279,171,D_COP
frost_cycle_000008,2026-07-15,residual + context,0.047599580835631615,0.03959862400690194,152,D_COP
frost_cycle_000012,2026-07-16,residual state,0.10661454426067155,0.07388072964253503,157,D_Qe_proxy
frost_cycle_000013,2026-07-16,residual state,0.06290811528814533,0.056282713157629255,150,D_Qe_proxy
frost_cycle_000014,2026-07-16,residual state,0.04387479464958822,0.03558228899681421,158,D_Qe_proxy
frost_cycle_000012,2026-07-16,approach temperature,0.10503572455309569,0.07303037872098404,157,D_Qe_proxy
frost_cycle_000013,2026-07-16,approach temperature,0.06675631350478149,0.05779106221003256,150,D_Qe_proxy
frost_cycle_000014,2026-07-16,approach temperature,0.03987163804924682,0.03310933193396859,158,D_Qe_proxy
frost_cycle_000012,2026-07-16,residual + coil,0.10409028942287098,0.07207710227924553,157,D_Qe_proxy
frost_cycle_000013,2026-07-16,residual + coil,0.06267176919840116,0.05608591292885606,150,D_Qe_proxy
frost_cycle_000014,2026-07-16,residual + coil,0.04536106112331305,0.03642134251636912,158,D_Qe_proxy
frost_cycle_000012,2026-07-16,residual + suction,0.10290473093220823,0.07172812096587894,157,D_Qe_proxy
frost_cycle_000013,2026-07-16,residual + suction,0.06012446489788886,0.05374783944217139,150,D_Qe_proxy
frost_cycle_000014,2026-07-16,residual + suction,0.041220583085383615,0.03366479733117676,158,D_Qe_proxy
frost_cycle_000012,2026-07-16,residual + context,0.07547055098514334,0.05962533114406416,157,D_Qe_proxy
frost_cycle_000013,2026-07-16,residual + context,0.04438596256495079,0.03663538296801054,150,D_Qe_proxy
frost_cycle_000014,2026-07-16,residual + context,0.03798062457531758,0.03175894543180075,158,D_Qe_proxy
frost_cycle_000012,2026-07-16,residual state,0.06213467256650479,0.04383726651921784,157,D_Q
frost_cycle_000013,2026-07-16,residual state,0.03602023394358027,0.03127222581007238,150,D_Q
frost_cycle_000014,2026-07-16,residual state,0.026630294064206653,0.02114481919863152,158,D_Q
frost_cycle_000012,2026-07-16,approach temperature,0.0606228953781234,0.04230700713006417,157,D_Q
frost_cycle_000013,2026-07-16,approach temperature,0.03935569743571019,0.032792050746075246,150,D_Q
frost_cycle_000014,2026-07-16,approach temperature,0.022107451828008242,0.018114614625147282,158,D_Q
frost_cycle_000012,2026-07-16,residual + coil,0.06433552597242229,0.0453566165671093,157,D_Q
frost_cycle_000013,2026-07-16,residual + coil,0.03635018535773424,0.03142452973206571,150,D_Q
frost_cycle_000014,2026-07-16,residual + coil,0.02579227054982526,0.020829078288629614,158,D_Q
frost_cycle_000012,2026-07-16,residual + suction,0.06167965859204107,0.043548311882529896,157,D_Q
frost_cycle_000013,2026-07-16,residual + suction,0.03562691094441294,0.030976905096978542,150,D_Q
frost_cycle_000014,2026-07-16,residual + suction,0.026267260096352985,0.020887497127858336,158,D_Q
frost_cycle_000012,2026-07-16,residual + context,0.04079774745655672,0.03186163683118505,157,D_Q
frost_cycle_000013,2026-07-16,residual + context,0.024239456911579967,0.020365327357272308,150,D_Q
frost_cycle_000014,2026-07-16,residual + context,0.022707196801042218,0.01890139872266416,158,D_Q
frost_cycle_000012,2026-07-16,residual state,0.05445628295868486,0.04140707612294848,157,D_COP
frost_cycle_000013,2026-07-16,residual state,0.03593048088838916,0.030397069292388695,150,D_COP
frost_cycle_000014,2026-07-16,residual state,0.027690206501263727,0.022521032526695316,158,D_COP
frost_cycle_000012,2026-07-16,approach temperature,0.05444731616528762,0.04224310446096541,157,D_COP
frost_cycle_000013,2026-07-16,approach temperature,0.03953293150479757,0.03313547647073534,150,D_COP
frost_cycle_000014,2026-07-16,approach temperature,0.03048832091781321,0.02330464300111561,158,D_COP
frost_cycle_000012,2026-07-16,residual + coil,0.05980343109204463,0.04429636051922708,157,D_COP
frost_cycle_000013,2026-07-16,residual + coil,0.03789743809945177,0.031591411419536565,150,D_COP
frost_cycle_000014,2026-07-16,residual + coil,0.03001860776330737,0.02349310511385713,158,D_COP
frost_cycle_000012,2026-07-16,residual + suction,0.05710544311723991,0.04307417960983938,157,D_COP
frost_cycle_000013,2026-07-16,residual + suction,0.03942435268633663,0.032779542068783064,150,D_COP
frost_cycle_000014,2026-07-16,residual + suction,0.028458363588669194,0.023664949137448408,158,D_COP
frost_cycle_000012,2026-07-16,residual + context,0.04650953742085662,0.03758255275329077,157,D_COP
frost_cycle_000013,2026-07-16,residual + context,0.029980236652280723,0.02330728702310407,150,D_COP
frost_cycle_000014,2026-07-16,residual + context,0.030623419244614154,0.023495263956152975,158,D_COP
frost_cycle_000015,2026-07-17,residual state,0.052218402168814654,0.04320568471816359,166,D_Qe_proxy
frost_cycle_000017,2026-07-17,residual state,0.07134648176752319,0.06144106344862081,133,D_Qe_proxy
frost_cycle_000018,2026-07-17,residual state,0.08903139185481594,0.06898242506704025,162,D_Qe_proxy
frost_cycle_000019,2026-07-17,residual state,0.057174126900960104,0.05518680651041583,53,D_Qe_proxy
frost_cycle_000015,2026-07-17,approach temperature,0.054654230681394377,0.043682643195984035,166,D_Qe_proxy
frost_cycle_000017,2026-07-17,approach temperature,0.07095732605227965,0.05838540979109907,133,D_Qe_proxy
frost_cycle_000018,2026-07-17,approach temperature,0.08088159497881035,0.06216700780446321,162,D_Qe_proxy
frost_cycle_000019,2026-07-17,approach temperature,0.047435789525577705,0.042504368712036514,53,D_Qe_proxy
frost_cycle_000015,2026-07-17,residual + coil,0.04976225901546277,0.041752045469321174,166,D_Qe_proxy
frost_cycle_000017,2026-07-17,residual + coil,0.06684594267312749,0.05842451688042274,133,D_Qe_proxy
frost_cycle_000018,2026-07-17,residual + coil,0.08545670794361929,0.0660383973325237,162,D_Qe_proxy
frost_cycle_000019,2026-07-17,residual + coil,0.05575728905383765,0.0539164725879125,53,D_Qe_proxy
frost_cycle_000015,2026-07-17,residual + suction,0.050500208133647514,0.04225518977059894,166,D_Qe_proxy
frost_cycle_000017,2026-07-17,residual + suction,0.0658056833613837,0.05703022029116291,133,D_Qe_proxy
frost_cycle_000018,2026-07-17,residual + suction,0.08437984324577408,0.06479280275017632,162,D_Qe_proxy
frost_cycle_000019,2026-07-17,residual + suction,0.06129713772120711,0.05842562315846121,53,D_Qe_proxy
frost_cycle_000015,2026-07-17,residual + context,0.052113013016321576,0.040639815837421996,166,D_Qe_proxy
frost_cycle_000017,2026-07-17,residual + context,0.07680274211184694,0.06182777176609666,133,D_Qe_proxy
frost_cycle_000018,2026-07-17,residual + context,0.06963364331687733,0.057678338460414195,162,D_Qe_proxy
frost_cycle_000019,2026-07-17,residual + context,0.04382930015884204,0.041190497180770856,53,D_Qe_proxy
frost_cycle_000015,2026-07-17,residual state,0.030376692940399762,0.025904069218828832,166,D_Q
frost_cycle_000017,2026-07-17,residual state,0.03611970977676257,0.029587854265561278,133,D_Q
frost_cycle_000018,2026-07-17,residual state,0.044016414308685685,0.03243809346666783,162,D_Q
frost_cycle_000019,2026-07-17,residual state,0.02707942582006129,0.02587566996278034,53,D_Q
frost_cycle_000015,2026-07-17,approach temperature,0.03922518446671817,0.028261682921975183,166,D_Q
frost_cycle_000017,2026-07-17,approach temperature,0.048807183720030005,0.031637838432331505,133,D_Q
frost_cycle_000018,2026-07-17,approach temperature,0.04009704579960712,0.029798022819266013,162,D_Q
frost_cycle_000019,2026-07-17,approach temperature,0.02156892738140478,0.01817256406177625,53,D_Q
frost_cycle_000015,2026-07-17,residual + coil,0.030911288494719417,0.026197562392115962,166,D_Q
frost_cycle_000017,2026-07-17,residual + coil,0.03770236584373433,0.031093372331077933,133,D_Q
frost_cycle_000018,2026-07-17,residual + coil,0.045734008736305315,0.03386794192048434,162,D_Q
frost_cycle_000019,2026-07-17,residual + coil,0.02787214588705168,0.026519831270503468,53,D_Q
frost_cycle_000015,2026-07-17,residual + suction,0.030456908778226956,0.025992302621761682,166,D_Q
frost_cycle_000017,2026-07-17,residual + suction,0.03560946143266191,0.02915904454366805,133,D_Q
frost_cycle_000018,2026-07-17,residual + suction,0.043178446719087764,0.03174840458787044,162,D_Q
frost_cycle_000019,2026-07-17,residual + suction,0.02770609884637859,0.026428857742300946,53,D_Q
frost_cycle_000015,2026-07-17,residual + context,0.02754849282775044,0.02274710347192741,166,D_Q
frost_cycle_000017,2026-07-17,residual + context,0.04062271895996645,0.031028887703861065,133,D_Q
frost_cycle_000018,2026-07-17,residual + context,0.032995434138658526,0.027621574425907888,162,D_Q
frost_cycle_000019,2026-07-17,residual + context,0.01738105355778633,0.015713869339645362,53,D_Q
frost_cycle_000015,2026-07-17,residual state,0.03472778934497493,0.02633947475993094,166,D_COP
frost_cycle_000017,2026-07-17,residual state,0.039667723219014454,0.028539126596415543,133,D_COP
frost_cycle_000018,2026-07-17,residual state,0.042607645553873544,0.032397500690772414,162,D_COP
frost_cycle_000019,2026-07-17,residual state,0.02046716202322205,0.017446754318729402,53,D_COP
frost_cycle_000015,2026-07-17,approach temperature,0.04493238260773894,0.028325754602529934,166,D_COP
frost_cycle_000017,2026-07-17,approach temperature,0.05714275268145606,0.03200136494847797,133,D_COP
frost_cycle_000018,2026-07-17,approach temperature,0.044176022442768643,0.03341754488651798,162,D_COP
frost_cycle_000019,2026-07-17,approach temperature,0.020512788330252326,0.017582058734508386,53,D_COP
frost_cycle_000015,2026-07-17,residual + coil,0.03310889964317038,0.02644021393979086,166,D_COP
frost_cycle_000017,2026-07-17,residual + coil,0.03727330584894389,0.028875726272628955,133,D_COP
frost_cycle_000018,2026-07-17,residual + coil,0.04682739404961155,0.03545981928261051,162,D_COP
frost_cycle_000019,2026-07-17,residual + coil,0.02351696386666666,0.02029274779520689,53,D_COP
frost_cycle_000015,2026-07-17,residual + suction,0.032021468843609194,0.026853395653032325,166,D_COP
frost_cycle_000017,2026-07-17,residual + suction,0.0340509539241117,0.026947885839742117,133,D_COP
frost_cycle_000018,2026-07-17,residual + suction,0.04362005960527561,0.03263670005115321,162,D_COP
frost_cycle_000019,2026-07-17,residual + suction,0.021926593809363595,0.01997306841919619,53,D_COP
frost_cycle_000015,2026-07-17,residual + context,0.029647718164441565,0.023317453090650225,166,D_COP
frost_cycle_000017,2026-07-17,residual + context,0.04031833074460285,0.032992391143942416,133,D_COP
frost_cycle_000018,2026-07-17,residual + context,0.040776746861006734,0.03318698127104708,162,D_COP
frost_cycle_000019,2026-07-17,residual + context,0.01748532884929833,0.014931145899222707,53,D_COP
frost_cycle_000020,2026-07-20,residual state,0.07942211206239083,0.0658913838793912,171,D_Qe_proxy
frost_cycle_000021,2026-07-20,residual state,0.07456561804252936,0.06221582579524467,149,D_Qe_proxy
frost_cycle_000020,2026-07-20,approach temperature,0.07565791333677334,0.062061191533329695,171,D_Qe_proxy
frost_cycle_000021,2026-07-20,approach temperature,0.06985261815067258,0.05905836938789152,149,D_Qe_proxy
frost_cycle_000020,2026-07-20,residual + coil,0.08008635145814252,0.06590188157015986,171,D_Qe_proxy
frost_cycle_000021,2026-07-20,residual + coil,0.07306046538186552,0.06237059130875934,149,D_Qe_proxy
frost_cycle_000020,2026-07-20,residual + suction,0.07798193013862184,0.0627952310918388,171,D_Qe_proxy
frost_cycle_000021,2026-07-20,residual + suction,0.07488710611357687,0.06477126503929988,149,D_Qe_proxy
frost_cycle_000020,2026-07-20,residual + context,0.05424252907248091,0.04425905401749709,171,D_Qe_proxy
frost_cycle_000021,2026-07-20,residual + context,0.062630826095156,0.04891618794928935,149,D_Qe_proxy
frost_cycle_000020,2026-07-20,residual state,0.04857880413598218,0.04088769450577188,171,D_Q
frost_cycle_000021,2026-07-20,residual state,0.04171296433374944,0.035336192275444975,149,D_Q
frost_cycle_000020,2026-07-20,approach temperature,0.04604321749654602,0.03774243202698423,171,D_Q
frost_cycle_000021,2026-07-20,approach temperature,0.04469588618055701,0.03382147592823538,149,D_Q
frost_cycle_000020,2026-07-20,residual + coil,0.04821265544278984,0.04064930694101134,171,D_Q
frost_cycle_000021,2026-07-20,residual + coil,0.04190688267331665,0.035282679620989334,149,D_Q
frost_cycle_000020,2026-07-20,residual + suction,0.04838467203716803,0.04056324663178907,171,D_Q
frost_cycle_000021,2026-07-20,residual + suction,0.042090354061614044,0.03566169823096887,149,D_Q
frost_cycle_000020,2026-07-20,residual + context,0.0299065109003807,0.024191879618632676,171,D_Q
frost_cycle_000021,2026-07-20,residual + context,0.03420096354016624,0.02658466065723917,149,D_Q
frost_cycle_000020,2026-07-20,residual state,0.04354654801138539,0.03547734644564549,171,D_COP
frost_cycle_000021,2026-07-20,residual state,0.04157940487142503,0.033132850134535125,149,D_COP
frost_cycle_000020,2026-07-20,approach temperature,0.04293256183437664,0.03340408235998179,171,D_COP
frost_cycle_000021,2026-07-20,approach temperature,0.051807267360468305,0.03396481311838636,149,D_COP
frost_cycle_000020,2026-07-20,residual + coil,0.04307579129416789,0.03596674348702858,171,D_COP
frost_cycle_000021,2026-07-20,residual + coil,0.040749178567768475,0.03352971858766321,149,D_COP
frost_cycle_000020,2026-07-20,residual + suction,0.04404885509086752,0.03770230566516239,171,D_COP
frost_cycle_000021,2026-07-20,residual + suction,0.037157121655267474,0.030649080428929235,149,D_COP
frost_cycle_000020,2026-07-20,residual + context,0.033645368916776594,0.02630113786663354,171,D_COP
frost_cycle_000021,2026-07-20,residual + context,0.03842273674904382,0.02990857627878791,149,D_COP
frost_cycle_000023,2026-07-21,residual state,0.08728511166763929,0.05522131678142081,36,D_Qe_proxy
frost_cycle_000024,2026-07-21,residual state,0.049903424875400434,0.04088624854893299,165,D_Qe_proxy
frost_cycle_000026,2026-07-21,residual state,0.06430460906080046,0.05407842971975622,134,D_Qe_proxy
frost_cycle_000027,2026-07-21,residual state,0.06410118316797714,0.05408191526833428,135,D_Qe_proxy
frost_cycle_000028,2026-07-21,residual state,0.05533260912451017,0.04435471573006129,102,D_Qe_proxy
frost_cycle_000023,2026-07-21,approach temperature,0.14108081449106044,0.06160294827451857,36,D_Qe_proxy
frost_cycle_000024,2026-07-21,approach temperature,0.050254312703353725,0.03876015133435502,165,D_Qe_proxy
frost_cycle_000026,2026-07-21,approach temperature,0.06457702851931348,0.050080320051345266,134,D_Qe_proxy
frost_cycle_000027,2026-07-21,approach temperature,0.06503971158749668,0.050324711375986424,135,D_Qe_proxy
frost_cycle_000028,2026-07-21,approach temperature,0.048549158224812705,0.036596986818123935,102,D_Qe_proxy
frost_cycle_000023,2026-07-21,residual + coil,0.12985541789268126,0.06042938134851604,36,D_Qe_proxy
frost_cycle_000024,2026-07-21,residual + coil,0.048042016878285715,0.04129889420100359,165,D_Qe_proxy
frost_cycle_000026,2026-07-21,residual + coil,0.05993940288733085,0.051191251549667256,134,D_Qe_proxy
frost_cycle_000027,2026-07-21,residual + coil,0.05940423947992555,0.051105870734425705,135,D_Qe_proxy
frost_cycle_000028,2026-07-21,residual + coil,0.0515444943841891,0.04182875161008545,102,D_Qe_proxy
frost_cycle_000023,2026-07-21,residual + suction,0.11589830271543815,0.053706370674414056,36,D_Qe_proxy
frost_cycle_000024,2026-07-21,residual + suction,0.0528728595492683,0.04425037012209022,165,D_Qe_proxy
frost_cycle_000026,2026-07-21,residual + suction,0.06616494618761991,0.05676264944590645,134,D_Qe_proxy
frost_cycle_000027,2026-07-21,residual + suction,0.06393689927839301,0.05505901831085496,135,D_Qe_proxy
frost_cycle_000028,2026-07-21,residual + suction,0.054541116595951254,0.04608795412636976,102,D_Qe_proxy
frost_cycle_000023,2026-07-21,residual + context,0.09415453218748183,0.05727094698675503,36,D_Qe_proxy
frost_cycle_000024,2026-07-21,residual + context,0.051996114763165326,0.04157384929350352,165,D_Qe_proxy
frost_cycle_000026,2026-07-21,residual + context,0.06888638632748309,0.05771777409724512,134,D_Qe_proxy
frost_cycle_000027,2026-07-21,residual + context,0.07251687113864301,0.05978809368701406,135,D_Qe_proxy
frost_cycle_000028,2026-07-21,residual + context,0.05374350260047728,0.045156656538694995,102,D_Qe_proxy
frost_cycle_000023,2026-07-21,residual state,0.07755432695080605,0.04136179840452357,36,D_Q
frost_cycle_000024,2026-07-21,residual state,0.028053863507982904,0.02496038728142648,165,D_Q
frost_cycle_000026,2026-07-21,residual state,0.03249537345281993,0.027943887335107685,134,D_Q
frost_cycle_000027,2026-07-21,residual state,0.03246581128522943,0.028502166691799016,135,D_Q
frost_cycle_000028,2026-07-21,residual state,0.02833101212973773,0.02165727209831422,102,D_Q
frost_cycle_000023,2026-07-21,approach temperature,0.11641193238306441,0.04746614152722301,36,D_Q
frost_cycle_000024,2026-07-21,approach temperature,0.02812125821806174,0.02304318112318156,165,D_Q
frost_cycle_000026,2026-07-21,approach temperature,0.04078298929057646,0.026592838437126478,134,D_Q
frost_cycle_000027,2026-07-21,approach temperature,0.04335522213300167,0.027641488464143254,135,D_Q
frost_cycle_000028,2026-07-21,approach temperature,0.025640448547419863,0.018873137623837303,102,D_Q
frost_cycle_000023,2026-07-21,residual + coil,0.07616544503630722,0.0411923767751792,36,D_Q
frost_cycle_000024,2026-07-21,residual + coil,0.0280829850089802,0.0249444277587768,165,D_Q
frost_cycle_000026,2026-07-21,residual + coil,0.032550682512176445,0.02797257220828173,134,D_Q
frost_cycle_000027,2026-07-21,residual + coil,0.03248770781101871,0.028443386258553242,135,D_Q
frost_cycle_000028,2026-07-21,residual + coil,0.028461203926491978,0.021742844921215976,102,D_Q
frost_cycle_000023,2026-07-21,residual + suction,0.08541797985258635,0.04082223069748219,36,D_Q
frost_cycle_000024,2026-07-21,residual + suction,0.02890850395743837,0.025883902512883184,165,D_Q
frost_cycle_000026,2026-07-21,residual + suction,0.034086242629129175,0.029061009290847126,134,D_Q
frost_cycle_000027,2026-07-21,residual + suction,0.03377714717342611,0.02955880723219557,135,D_Q
frost_cycle_000028,2026-07-21,residual + suction,0.02764101552233494,0.021710588269907266,102,D_Q
frost_cycle_000023,2026-07-21,residual + context,0.05426350085288853,0.029039788815585277,36,D_Q
frost_cycle_000024,2026-07-21,residual + context,0.02783227490701901,0.023733172047769042,165,D_Q
frost_cycle_000026,2026-07-21,residual + context,0.03398023539532731,0.028775817344774305,134,D_Q
frost_cycle_000027,2026-07-21,residual + context,0.03900459082292593,0.03230522672835013,135,D_Q
frost_cycle_000028,2026-07-21,residual + context,0.02641183197178356,0.02118162236703488,102,D_Q
frost_cycle_000023,2026-07-21,residual state,0.07098210920641027,0.028011161359351493,36,D_COP
frost_cycle_000024,2026-07-21,residual state,0.03507281384745443,0.026246610787286403,165,D_COP
frost_cycle_000026,2026-07-21,residual state,0.04906164029365236,0.03617840184275948,134,D_COP
frost_cycle_000027,2026-07-21,residual state,0.0484320070175769,0.035270718833262625,135,D_COP
frost_cycle_000028,2026-07-21,residual state,0.03435752389157517,0.026841074192221658,102,D_COP
frost_cycle_000023,2026-07-21,approach temperature,0.09749798924551555,0.0338361364740923,36,D_COP
frost_cycle_000024,2026-07-21,approach temperature,0.036330014597233375,0.02571919594471857,165,D_COP
frost_cycle_000026,2026-07-21,approach temperature,0.0584731111866998,0.03764463863130942,134,D_COP
frost_cycle_000027,2026-07-21,approach temperature,0.06102442414536037,0.037850498791477664,135,D_COP
frost_cycle_000028,2026-07-21,approach temperature,0.03423595688990453,0.02655868927847463,102,D_COP
frost_cycle_000023,2026-07-21,residual + coil,0.040121157778168146,0.02444986655073695,36,D_COP
frost_cycle_000024,2026-07-21,residual + coil,0.03666342701400729,0.026789689576470044,165,D_COP
frost_cycle_000026,2026-07-21,residual + coil,0.048044758499561524,0.03704867759254291,134,D_COP
frost_cycle_000027,2026-07-21,residual + coil,0.045816225636506995,0.035306219861140124,135,D_COP
frost_cycle_000028,2026-07-21,residual + coil,0.035927805607057675,0.02810027691297687,102,D_COP
frost_cycle_000023,2026-07-21,residual + suction,0.05213753223366076,0.02845180111424117,36,D_COP
frost_cycle_000024,2026-07-21,residual + suction,0.03396400496680201,0.02596272466029767,165,D_COP
frost_cycle_000026,2026-07-21,residual + suction,0.04376239608959752,0.03506392472479474,134,D_COP
frost_cycle_000027,2026-07-21,residual + suction,0.04298668580397243,0.03438342937818532,135,D_COP
frost_cycle_000028,2026-07-21,residual + suction,0.03356715252505381,0.026449937183245332,102,D_COP
frost_cycle_000023,2026-07-21,residual + context,0.01961859581870487,0.013692403677035616,36,D_COP
frost_cycle_000024,2026-07-21,residual + context,0.0341695215974309,0.02403891532733001,165,D_COP
frost_cycle_000026,2026-07-21,residual + context,0.04435682928071551,0.03544009381192449,134,D_COP
frost_cycle_000027,2026-07-21,residual + context,0.045084774396549364,0.03556148250825725,135,D_COP
frost_cycle_000028,2026-07-21,residual + context,0.035679040078553825,0.029562236437537973,102,D_COP
frost_cycle_000029,2026-07-23,residual state,0.04339130206210705,0.027803499165349226,59,D_Qe_proxy
frost_cycle_000030,2026-07-23,residual state,0.06411477463485256,0.04142756158106323,33,D_Qe_proxy
frost_cycle_000031,2026-07-23,residual state,0.05643521289951306,0.04876316591892277,48,D_Qe_proxy
frost_cycle_000032,2026-07-23,residual state,0.08882129321795411,0.07856747604196533,134,D_Qe_proxy
frost_cycle_000033,2026-07-23,residual state,0.10858843485678062,0.09696022420288372,138,D_Qe_proxy
frost_cycle_000034,2026-07-23,residual state,0.08128679391165747,0.06901369762890662,137,D_Qe_proxy
frost_cycle_000035,2026-07-23,residual state,0.051017147979234054,0.03533063451604301,106,D_Qe_proxy
frost_cycle_000029,2026-07-23,approach temperature,0.10229190006987966,0.02570973026340081,59,D_Qe_proxy
frost_cycle_000030,2026-07-23,approach temperature,0.1407340307928859,0.03632681677945239,33,D_Qe_proxy
frost_cycle_000031,2026-07-23,approach temperature,0.10579902890828616,0.027339955872864932,48,D_Qe_proxy
frost_cycle_000032,2026-07-23,approach temperature,0.07260825665317623,0.05582831619678769,134,D_Qe_proxy
frost_cycle_000033,2026-07-23,approach temperature,0.0870777790244758,0.05685913000413804,138,D_Qe_proxy
frost_cycle_000034,2026-07-23,approach temperature,0.05659037499143498,0.04421288534571638,137,D_Qe_proxy
frost_cycle_000035,2026-07-23,approach temperature,0.05580646318346077,0.05226408200761147,106,D_Qe_proxy
frost_cycle_000029,2026-07-23,residual + coil,0.06314235063862063,0.034638568762165006,59,D_Qe_proxy
frost_cycle_000030,2026-07-23,residual + coil,0.09511571506885723,0.04849609559516978,33,D_Qe_proxy
frost_cycle_000031,2026-07-23,residual + coil,0.07056742097388,0.05042900192710286,48,D_Qe_proxy
frost_cycle_000032,2026-07-23,residual + coil,0.0882542404192831,0.07799524354916984,134,D_Qe_proxy
frost_cycle_000033,2026-07-23,residual + coil,0.10556398850981676,0.09394422750205794,138,D_Qe_proxy
frost_cycle_000034,2026-07-23,residual + coil,0.08090446635286169,0.0694349450796024,137,D_Qe_proxy
frost_cycle_000035,2026-07-23,residual + coil,0.05272686120491627,0.03775060237117951,106,D_Qe_proxy
frost_cycle_000029,2026-07-23,residual + suction,0.07307663611069816,0.02281657683139204,59,D_Qe_proxy
frost_cycle_000030,2026-07-23,residual + suction,0.09859923397050968,0.03722181957632006,33,D_Qe_proxy
frost_cycle_000031,2026-07-23,residual + suction,0.08284093387256179,0.04313623492185282,48,D_Qe_proxy
frost_cycle_000032,2026-07-23,residual + suction,0.09070815568343195,0.07936631728332859,134,D_Qe_proxy
frost_cycle_000033,2026-07-23,residual + suction,0.1052185807408423,0.09159981696273876,138,D_Qe_proxy
frost_cycle_000034,2026-07-23,residual + suction,0.07694572461655075,0.06110344699439017,137,D_Qe_proxy
frost_cycle_000035,2026-07-23,residual + suction,0.049647699280205605,0.0315935362619102,106,D_Qe_proxy
frost_cycle_000029,2026-07-23,residual + context,0.12311645422475302,0.12036876102167572,59,D_Qe_proxy
frost_cycle_000030,2026-07-23,residual + context,0.07133893751246564,0.06337572827960034,33,D_Qe_proxy
frost_cycle_000031,2026-07-23,residual + context,0.0469613736800805,0.04393649909747749,48,D_Qe_proxy
frost_cycle_000032,2026-07-23,residual + context,0.043294781258896985,0.03762387738985448,134,D_Qe_proxy
frost_cycle_000033,2026-07-23,residual + context,0.06334070864414637,0.05317838185236631,138,D_Qe_proxy
frost_cycle_000034,2026-07-23,residual + context,0.06861125154784928,0.05961806588059085,137,D_Qe_proxy
frost_cycle_000035,2026-07-23,residual + context,0.10421299142984258,0.09361206630904095,106,D_Qe_proxy
frost_cycle_000029,2026-07-23,residual state,0.05412129135648072,0.035729312231666456,59,D_Q
frost_cycle_000030,2026-07-23,residual state,0.06444136644258407,0.03740719390984296,33,D_Q
frost_cycle_000031,2026-07-23,residual state,0.05501465170380292,0.041444991861997356,48,D_Q
frost_cycle_000032,2026-07-23,residual state,0.04791974410485915,0.04314990112613576,134,D_Q
frost_cycle_000033,2026-07-23,residual state,0.06275746058337768,0.058586171351369655,138,D_Q
frost_cycle_000034,2026-07-23,residual state,0.041288124883765404,0.0355846353874969,137,D_Q
frost_cycle_000035,2026-07-23,residual state,0.027617134260612033,0.021946060246608286,106,D_Q
frost_cycle_000029,2026-07-23,approach temperature,0.09059414566269021,0.03159065333738264,59,D_Q
frost_cycle_000030,2026-07-23,approach temperature,0.11586570777666932,0.02210610055731218,33,D_Q
frost_cycle_000031,2026-07-23,approach temperature,0.09089178711299865,0.023497862896167857,48,D_Q
frost_cycle_000032,2026-07-23,approach temperature,0.03561868849266786,0.028297072923915683,134,D_Q
frost_cycle_000033,2026-07-23,approach temperature,0.05108625279426804,0.03190605904798339,138,D_Q
frost_cycle_000034,2026-07-23,approach temperature,0.024832293920223587,0.02107044418983155,137,D_Q
frost_cycle_000035,2026-07-23,approach temperature,0.03174524202295776,0.029274473147433228,106,D_Q
frost_cycle_000029,2026-07-23,residual + coil,0.04957542923268128,0.034059696276663574,59,D_Q
frost_cycle_000030,2026-07-23,residual + coil,0.05709787752016703,0.035707784088752775,33,D_Q
frost_cycle_000031,2026-07-23,residual + coil,0.051468470590851016,0.04104449324842712,48,D_Q
frost_cycle_000032,2026-07-23,residual + coil,0.04805983322395513,0.043316679966715954,134,D_Q
frost_cycle_000033,2026-07-23,residual + coil,0.06317177480723286,0.05887842082129073,138,D_Q
frost_cycle_000034,2026-07-23,residual + coil,0.04133554203460073,0.03549382231347318,137,D_Q
frost_cycle_000035,2026-07-23,residual + coil,0.027160468053604506,0.021362492207531992,106,D_Q
frost_cycle_000029,2026-07-23,residual + suction,0.05923229768640686,0.03371832176941983,59,D_Q
frost_cycle_000030,2026-07-23,residual + suction,0.07216338880188385,0.03643192501713322,33,D_Q
frost_cycle_000031,2026-07-23,residual + suction,0.06114357653150489,0.04014016366362516,48,D_Q
frost_cycle_000032,2026-07-23,residual + suction,0.04823671553515375,0.043254802091337155,134,D_Q
frost_cycle_000033,2026-07-23,residual + suction,0.06231596615260649,0.05776064475254923,138,D_Q
frost_cycle_000034,2026-07-23,residual + suction,0.03991170311492144,0.03370736385070201,137,D_Q
frost_cycle_000035,2026-07-23,residual + suction,0.026881563771818627,0.020170650640019043,106,D_Q
frost_cycle_000029,2026-07-23,residual + context,0.06008552582329344,0.05621498433893913,59,D_Q
frost_cycle_000030,2026-07-23,residual + context,0.03695419709841912,0.030354286442509596,33,D_Q
frost_cycle_000031,2026-07-23,residual + context,0.022755034543038764,0.01912056229959461,48,D_Q
frost_cycle_000032,2026-07-23,residual + context,0.02183763139612832,0.018422283897141668,134,D_Q
frost_cycle_000033,2026-07-23,residual + context,0.02934557549953075,0.023759085689360117,138,D_Q
frost_cycle_000034,2026-07-23,residual + context,0.042300390755428414,0.0353116499365623,137,D_Q
frost_cycle_000035,2026-07-23,residual + context,0.06339489063467518,0.05729487300546156,106,D_Q
frost_cycle_000029,2026-07-23,residual state,0.039518513706792435,0.012633711477327395,59,D_COP
frost_cycle_000030,2026-07-23,residual state,0.07016804126550874,0.019880002991209306,33,D_COP
frost_cycle_000031,2026-07-23,residual state,0.05098656028272804,0.017306927413858007,48,D_COP
frost_cycle_000032,2026-07-23,residual state,0.037263334117967485,0.030172851964626435,134,D_COP
frost_cycle_000033,2026-07-23,residual state,0.04751687693613153,0.029402020980650777,138,D_COP
frost_cycle_000034,2026-07-23,residual state,0.02831421221165422,0.019045150912191226,137,D_COP
frost_cycle_000035,2026-07-23,residual state,0.024037758233085984,0.02137457364219116,106,D_COP
frost_cycle_000029,2026-07-23,approach temperature,0.06864083019098363,0.018150108819229842,59,D_COP
frost_cycle_000030,2026-07-23,approach temperature,0.10721536681015142,0.027715896539005504,33,D_COP
frost_cycle_000031,2026-07-23,approach temperature,0.08175385541678376,0.019423670468947395,48,D_COP
frost_cycle_000032,2026-07-23,approach temperature,0.03301294419850797,0.024525268021826932,134,D_COP
frost_cycle_000033,2026-07-23,approach temperature,0.05714828198233698,0.032653662330379064,138,D_COP
frost_cycle_000034,2026-07-23,approach temperature,0.03316805888525189,0.0288078511678779,137,D_COP
frost_cycle_000035,2026-07-23,approach temperature,0.048619676472807606,0.04532672609155131,106,D_COP
frost_cycle_000029,2026-07-23,residual + coil,0.018690188384064103,0.011174152826405812,59,D_COP
frost_cycle_000030,2026-07-23,residual + coil,0.033113375483632024,0.012802443122315963,33,D_COP
frost_cycle_000031,2026-07-23,residual + coil,0.028706895546010067,0.015617339525650828,48,D_COP
frost_cycle_000032,2026-07-23,residual + coil,0.038811091347459005,0.03158020066325625,134,D_COP
frost_cycle_000033,2026-07-23,residual + coil,0.044875072355791586,0.030636069610671553,138,D_COP
frost_cycle_000034,2026-07-23,residual + coil,0.029921526175505454,0.02055846769999466,137,D_COP
frost_cycle_000035,2026-07-23,residual + coil,0.026722267184278517,0.023830578821744355,106,D_COP
frost_cycle_000029,2026-07-23,residual + suction,0.020055702597403958,0.014177086999972123,59,D_COP
frost_cycle_000030,2026-07-23,residual + suction,0.04489364504396754,0.02230058525663449,33,D_COP
frost_cycle_000031,2026-07-23,residual + suction,0.02837679737965118,0.02060818475331473,48,D_COP
frost_cycle_000032,2026-07-23,residual + suction,0.03583985006320473,0.030294780930776956,134,D_COP
frost_cycle_000033,2026-07-23,residual + suction,0.042226030238918605,0.030053528873448088,138,D_COP
frost_cycle_000034,2026-07-23,residual + suction,0.02922065904563344,0.021461386279316756,137,D_COP
frost_cycle_000035,2026-07-23,residual + suction,0.020180301950790677,0.016152195564880012,106,D_COP
frost_cycle_000029,2026-07-23,residual + context,0.039805428108560796,0.03756442316150988,59,D_COP
frost_cycle_000030,2026-07-23,residual + context,0.011249746791956818,0.009715018281268696,33,D_COP
frost_cycle_000031,2026-07-23,residual + context,0.012424208178438211,0.008151266478196294,48,D_COP
frost_cycle_000032,2026-07-23,residual + context,0.02523215597837781,0.01818872175990686,134,D_COP
frost_cycle_000033,2026-07-23,residual + context,0.031813070571040096,0.02463443535578878,138,D_COP
frost_cycle_000034,2026-07-23,residual + context,0.028472207158048234,0.02557650518102557,137,D_COP
frost_cycle_000035,2026-07-23,residual + context,0.044599481261179325,0.04187385498549304,106,D_COP
frost_cycle_000036,2026-07-24,residual state,0.139755278622932,0.13360406929447224,175,D_Qe_proxy
frost_cycle_000037,2026-07-24,residual state,0.06521635355431897,0.04930678493522648,135,D_Qe_proxy
frost_cycle_000039,2026-07-24,residual state,0.08304174377723376,0.07134529501071162,136,D_Qe_proxy
frost_cycle_000040,2026-07-24,residual state,0.05649651586126541,0.03872755841878658,135,D_Qe_proxy
frost_cycle_000041,2026-07-24,residual state,0.07164949319516463,0.05987023728353325,116,D_Qe_proxy
frost_cycle_000036,2026-07-24,approach temperature,0.1311938304818139,0.12225330262853112,175,D_Qe_proxy
frost_cycle_000037,2026-07-24,approach temperature,0.054764269530231766,0.044233417365958046,135,D_Qe_proxy
frost_cycle_000039,2026-07-24,approach temperature,0.0779203198514873,0.05192290096301918,136,D_Qe_proxy
frost_cycle_000040,2026-07-24,approach temperature,0.04497730736869547,0.03779244593966492,135,D_Qe_proxy
frost_cycle_000041,2026-07-24,approach temperature,0.04731678690958633,0.02737013324287212,116,D_Qe_proxy
frost_cycle_000036,2026-07-24,residual + coil,0.13629030677434267,0.12980347896104544,175,D_Qe_proxy
frost_cycle_000037,2026-07-24,residual + coil,0.06399399920215995,0.0477767303746158,135,D_Qe_proxy
frost_cycle_000039,2026-07-24,residual + coil,0.08031026444421374,0.06855369345613213,136,D_Qe_proxy
frost_cycle_000040,2026-07-24,residual + coil,0.05638929900838713,0.03824152053196762,135,D_Qe_proxy
frost_cycle_000041,2026-07-24,residual + coil,0.07073084046522592,0.0587216786456233,116,D_Qe_proxy
frost_cycle_000036,2026-07-24,residual + suction,0.1392940316870558,0.13263772502939714,175,D_Qe_proxy
frost_cycle_000037,2026-07-24,residual + suction,0.06425809867728872,0.04717472165682749,135,D_Qe_proxy
frost_cycle_000039,2026-07-24,residual + suction,0.08190219862132393,0.06924667208761005,136,D_Qe_proxy
frost_cycle_000040,2026-07-24,residual + suction,0.05472575981692751,0.03574794151248726,135,D_Qe_proxy
frost_cycle_000041,2026-07-24,residual + suction,0.06872925510806253,0.05578945402918934,116,D_Qe_proxy
frost_cycle_000036,2026-07-24,residual + context,0.07384985931026468,0.05578924015954497,175,D_Qe_proxy
frost_cycle_000037,2026-07-24,residual + context,0.06384147672549935,0.05692071754320817,135,D_Qe_proxy
frost_cycle_000039,2026-07-24,residual + context,0.0655325103420711,0.048108989461926675,136,D_Qe_proxy
frost_cycle_000040,2026-07-24,residual + context,0.04866407690431768,0.04320424997411722,135,D_Qe_proxy
frost_cycle_000041,2026-07-24,residual + context,0.04909356044988517,0.04203137474707596,116,D_Qe_proxy
frost_cycle_000036,2026-07-24,residual state,0.09954374269138568,0.0975477540327841,175,D_Q
frost_cycle_000037,2026-07-24,residual state,0.03402353949950308,0.026778309018613222,135,D_Q
frost_cycle_000039,2026-07-24,residual state,0.04481227618703298,0.039210607285276866,136,D_Q
frost_cycle_000040,2026-07-24,residual state,0.03206153608679474,0.024994388388499985,135,D_Q
frost_cycle_000041,2026-07-24,residual state,0.04651063612900055,0.04284922947697228,116,D_Q
frost_cycle_000036,2026-07-24,approach temperature,0.0957993901472321,0.09178469622753813,175,D_Q
frost_cycle_000037,2026-07-24,approach temperature,0.027885931121334032,0.023185311672749582,135,D_Q
frost_cycle_000039,2026-07-24,approach temperature,0.0517508234034187,0.02763603699384308,136,D_Q
frost_cycle_000040,2026-07-24,approach temperature,0.021828002418145878,0.018813535401820042,135,D_Q
frost_cycle_000041,2026-07-24,approach temperature,0.026090160310150712,0.017268999479283394,116,D_Q
frost_cycle_000036,2026-07-24,residual + coil,0.10202623481691833,0.10027398492463868,175,D_Q
frost_cycle_000037,2026-07-24,residual + coil,0.0350125946713933,0.02789134801988346,135,D_Q
frost_cycle_000039,2026-07-24,residual + coil,0.04609986628082266,0.040840179679860145,136,D_Q
frost_cycle_000040,2026-07-24,residual + coil,0.03224385489529571,0.02544066850724329,135,D_Q
frost_cycle_000041,2026-07-24,residual + coil,0.047264708979480055,0.043673110970390665,116,D_Q
frost_cycle_000036,2026-07-24,residual + suction,0.0999615723525573,0.09820280568961538,175,D_Q
frost_cycle_000037,2026-07-24,residual + suction,0.0348909284401138,0.02849944405577938,135,D_Q
frost_cycle_000039,2026-07-24,residual + suction,0.045088378814691236,0.04026317343236828,136,D_Q
frost_cycle_000040,2026-07-24,residual + suction,0.034011332035509,0.027656876054439245,135,D_Q
frost_cycle_000041,2026-07-24,residual + suction,0.048895983814161506,0.045615452580413836,116,D_Q
frost_cycle_000036,2026-07-24,residual + context,0.0400488482532038,0.03040989793783322,175,D_Q
frost_cycle_000037,2026-07-24,residual + context,0.03533552532869069,0.03075940846145483,135,D_Q
frost_cycle_000039,2026-07-24,residual + context,0.0307303246146852,0.023203863798045152,136,D_Q
frost_cycle_000040,2026-07-24,residual + context,0.026525191009905406,0.023282185833493677,135,D_Q
frost_cycle_000041,2026-07-24,residual + context,0.0218851560551636,0.01858963382317609,116,D_Q
frost_cycle_000036,2026-07-24,residual state,0.03114792679061933,0.01916714928658099,175,D_COP
frost_cycle_000037,2026-07-24,residual state,0.028112709006450562,0.019366047873206983,135,D_COP
frost_cycle_000039,2026-07-24,residual state,0.03850522098204082,0.01857367653681557,136,D_COP
frost_cycle_000040,2026-07-24,residual state,0.01947677845267313,0.015184263696541186,135,D_COP
frost_cycle_000041,2026-07-24,residual state,0.021986700252809136,0.015929130679354624,116,D_COP
frost_cycle_000036,2026-07-24,approach temperature,0.03810026384822889,0.02057756785477655,175,D_COP
frost_cycle_000037,2026-07-24,approach temperature,0.03413975900613329,0.02605183636972113,135,D_COP
frost_cycle_000039,2026-07-24,approach temperature,0.0572318084826744,0.024840249035949644,136,D_COP
frost_cycle_000040,2026-07-24,approach temperature,0.028976033615734025,0.024854221585104978,135,D_COP
frost_cycle_000041,2026-07-24,approach temperature,0.017767073499468492,0.012054132429095638,116,D_COP
frost_cycle_000036,2026-07-24,residual + coil,0.030991293237116135,0.02418158224180916,175,D_COP
frost_cycle_000037,2026-07-24,residual + coil,0.03094659349524826,0.021502341146087997,135,D_COP
frost_cycle_000039,2026-07-24,residual + coil,0.02995488849821297,0.019282060863002822,136,D_COP
frost_cycle_000040,2026-07-24,residual + coil,0.021392688199692513,0.01663100435957353,135,D_COP
frost_cycle_000041,2026-07-24,residual + coil,0.023791605738505407,0.01798612684972272,116,D_COP
frost_cycle_000036,2026-07-24,residual + suction,0.027139718114696013,0.022134217908957775,175,D_COP
frost_cycle_000037,2026-07-24,residual + suction,0.028006663662251158,0.01991893533797084,135,D_COP
frost_cycle_000039,2026-07-24,residual + suction,0.024022691504097173,0.017752088538757118,136,D_COP
frost_cycle_000040,2026-07-24,residual + suction,0.019463111222487357,0.016132254606826983,135,D_COP
frost_cycle_000041,2026-07-24,residual + suction,0.030156203530754846,0.02583384062836546,116,D_COP
frost_cycle_000036,2026-07-24,residual + context,0.021599110366161776,0.017830536549101092,175,D_COP
frost_cycle_000037,2026-07-24,residual + context,0.033668277312885075,0.022993578576576388,135,D_COP
frost_cycle_000039,2026-07-24,residual + context,0.023726963906485668,0.01716696686449805,136,D_COP
frost_cycle_000040,2026-07-24,residual + context,0.0180820119873421,0.014087922827690785,135,D_COP
frost_cycle_000041,2026-07-24,residual + context,0.01677187886464375,0.011153732586411226,116,D_COP
frost_cycle_000042,2026-07-27,residual state,0.04665529946697909,0.04461617548492217,32,D_Qe_proxy
frost_cycle_000043,2026-07-27,residual state,0.053067486833782394,0.039804311930328996,120,D_Qe_proxy
frost_cycle_000044,2026-07-27,residual state,0.05638340676632593,0.046623125309269375,131,D_Qe_proxy
frost_cycle_000045,2026-07-27,residual state,0.07396780836971727,0.059229796584701656,103,D_Qe_proxy
frost_cycle_000046,2026-07-27,residual state,0.07234846737208249,0.05677193188202094,101,D_Qe_proxy
frost_cycle_000047,2026-07-27,residual state,0.05557949133689311,0.045546978584058644,102,D_Qe_proxy
frost_cycle_000048,2026-07-27,residual state,0.03464351539695492,0.029371277440839526,40,D_Qe_proxy
frost_cycle_000042,2026-07-27,approach temperature,0.0875047664990252,0.08636744825982974,32,D_Qe_proxy
frost_cycle_000043,2026-07-27,approach temperature,0.05386089730181007,0.042047383401831145,120,D_Qe_proxy
frost_cycle_000044,2026-07-27,approach temperature,0.06320870233883316,0.052579065007142045,131,D_Qe_proxy
frost_cycle_000045,2026-07-27,approach temperature,0.0814489235006978,0.06880482273733889,103,D_Qe_proxy
frost_cycle_000046,2026-07-27,approach temperature,0.07223894296368427,0.06263876186872488,101,D_Qe_proxy
frost_cycle_000047,2026-07-27,approach temperature,0.058505289248190186,0.04948408308738864,102,D_Qe_proxy
frost_cycle_000048,2026-07-27,approach temperature,0.050329044812874396,0.044634645552014324,40,D_Qe_proxy
frost_cycle_000042,2026-07-27,residual + coil,0.04562697824570025,0.043700935923379085,32,D_Qe_proxy
frost_cycle_000043,2026-07-27,residual + coil,0.048714581936385996,0.03821838988960564,120,D_Qe_proxy
frost_cycle_000044,2026-07-27,residual + coil,0.05555315503885237,0.04582226118119364,131,D_Qe_proxy
frost_cycle_000045,2026-07-27,residual + coil,0.07299397893952599,0.05814165757849237,103,D_Qe_proxy
frost_cycle_000046,2026-07-27,residual + coil,0.07075021517502483,0.055527297117692664,101,D_Qe_proxy
frost_cycle_000047,2026-07-27,residual + coil,0.05482252213908997,0.04481069162862013,102,D_Qe_proxy
frost_cycle_000048,2026-07-27,residual + coil,0.03382258837432423,0.028817180363478846,40,D_Qe_proxy
frost_cycle_000042,2026-07-27,residual + suction,0.03385386725188717,0.029901088690351487,32,D_Qe_proxy
frost_cycle_000043,2026-07-27,residual + suction,0.04544969300964806,0.03625405387745459,120,D_Qe_proxy
frost_cycle_000044,2026-07-27,residual + suction,0.05733301221574266,0.048410615485863555,131,D_Qe_proxy
frost_cycle_000045,2026-07-27,residual + suction,0.07310055035809483,0.05777360937827152,103,D_Qe_proxy
frost_cycle_000046,2026-07-27,residual + suction,0.06866652801203155,0.054657923297515676,101,D_Qe_proxy
frost_cycle_000047,2026-07-27,residual + suction,0.05250885304412198,0.04234703899526644,102,D_Qe_proxy
frost_cycle_000048,2026-07-27,residual + suction,0.0323631528626392,0.027724608715437117,40,D_Qe_proxy
frost_cycle_000042,2026-07-27,residual + context,0.06298408922487263,0.06026127358457079,32,D_Qe_proxy
frost_cycle_000043,2026-07-27,residual + context,0.05961949268360902,0.04336719912817365,120,D_Qe_proxy
frost_cycle_000044,2026-07-27,residual + context,0.06719591027171425,0.06003837041073475,131,D_Qe_proxy
frost_cycle_000045,2026-07-27,residual + context,0.08430022804665156,0.07629083156966987,103,D_Qe_proxy
frost_cycle_000046,2026-07-27,residual + context,0.07639931132141033,0.06630253766178835,101,D_Qe_proxy
frost_cycle_000047,2026-07-27,residual + context,0.06593131355576418,0.05849706830563972,102,D_Qe_proxy
frost_cycle_000048,2026-07-27,residual + context,0.07029319797970132,0.06448406813755678,40,D_Qe_proxy
frost_cycle_000042,2026-07-27,residual state,0.0229810668820371,0.021706792093746905,32,D_Q
frost_cycle_000043,2026-07-27,residual state,0.029373467885997026,0.024394828203442586,120,D_Q
frost_cycle_000044,2026-07-27,residual state,0.033776913107279975,0.026946641041250132,131,D_Q
frost_cycle_000045,2026-07-27,residual state,0.04143345661242797,0.033093750794753664,103,D_Q
frost_cycle_000046,2026-07-27,residual state,0.0402173149374484,0.03139063869527217,101,D_Q
frost_cycle_000047,2026-07-27,residual state,0.03062957235631822,0.024890830407820565,102,D_Q
frost_cycle_000048,2026-07-27,residual state,0.02135190698748724,0.016095729904602906,40,D_Q
frost_cycle_000042,2026-07-27,approach temperature,0.05205404397876178,0.051416601771855426,32,D_Q
frost_cycle_000043,2026-07-27,approach temperature,0.0407090185307233,0.023541797905433294,120,D_Q
frost_cycle_000044,2026-07-27,approach temperature,0.03946737522061901,0.02949175688506255,131,D_Q
frost_cycle_000045,2026-07-27,approach temperature,0.04767201996120695,0.039146497623780786,103,D_Q
frost_cycle_000046,2026-07-27,approach temperature,0.04070195738732816,0.03599952349614637,101,D_Q
frost_cycle_000047,2026-07-27,approach temperature,0.0322831449628691,0.027054291595458642,102,D_Q
frost_cycle_000048,2026-07-27,approach temperature,0.0265137318816078,0.023076687640755496,40,D_Q
frost_cycle_000042,2026-07-27,residual + coil,0.02391066340921962,0.022509822139682396,32,D_Q
frost_cycle_000043,2026-07-27,residual + coil,0.03150989696334723,0.026046855866617695,120,D_Q
frost_cycle_000044,2026-07-27,residual + coil,0.033926795813688855,0.027473550633224632,131,D_Q
frost_cycle_000045,2026-07-27,residual + coil,0.042105935148079685,0.034021221888531676,103,D_Q
frost_cycle_000046,2026-07-27,residual + coil,0.04159581113797434,0.03250834845312514,101,D_Q
frost_cycle_000047,2026-07-27,residual + coil,0.031188837209589308,0.02535516718314322,102,D_Q
frost_cycle_000048,2026-07-27,residual + coil,0.02181907196565824,0.01652630307381196,40,D_Q
frost_cycle_000042,2026-07-27,residual + suction,0.019914239203259756,0.01823111947422104,32,D_Q
frost_cycle_000043,2026-07-27,residual + suction,0.029001228357802514,0.024100900301234417,120,D_Q
frost_cycle_000044,2026-07-27,residual + suction,0.034033508570564384,0.02699756989720427,131,D_Q
frost_cycle_000045,2026-07-27,residual + suction,0.04122099627722082,0.032553368932816094,103,D_Q
frost_cycle_000046,2026-07-27,residual + suction,0.039132829696820505,0.030737954341597585,101,D_Q
frost_cycle_000047,2026-07-27,residual + suction,0.029588000470424723,0.023655262506864904,102,D_Q
frost_cycle_000048,2026-07-27,residual + suction,0.019756659470613832,0.014948923385311,40,D_Q
frost_cycle_000042,2026-07-27,residual + context,0.03589201392504155,0.03473100301339988,32,D_Q
frost_cycle_000043,2026-07-27,residual + context,0.033232030088533565,0.024887499926432282,120,D_Q
frost_cycle_000044,2026-07-27,residual + context,0.03544490802921921,0.03176499478127927,131,D_Q
frost_cycle_000045,2026-07-27,residual + context,0.04473298392541302,0.04022050486062388,103,D_Q
frost_cycle_000046,2026-07-27,residual + context,0.04098678955979632,0.0358235391371054,101,D_Q
frost_cycle_000047,2026-07-27,residual + context,0.034445337220194654,0.030690761958713734,102,D_Q
frost_cycle_000048,2026-07-27,residual + context,0.03449273425412865,0.031189573664948074,40,D_Q
frost_cycle_000042,2026-07-27,residual state,0.030599329224004906,0.028647764658305125,32,D_COP
frost_cycle_000043,2026-07-27,residual state,0.033107326573983936,0.02390830172212244,120,D_COP
frost_cycle_000044,2026-07-27,residual state,0.04103554776169832,0.031201171129392215,131,D_COP
frost_cycle_000045,2026-07-27,residual state,0.0518911019428282,0.040968988030478735,103,D_COP
frost_cycle_000046,2026-07-27,residual state,0.043655051095628686,0.03474626005183967,101,D_COP
frost_cycle_000047,2026-07-27,residual state,0.03431531053375705,0.027267488499794764,102,D_COP
frost_cycle_000048,2026-07-27,residual state,0.01620423196594645,0.013873237158995291,40,D_COP
frost_cycle_000042,2026-07-27,approach temperature,0.0529945513556416,0.05200945715749916,32,D_COP
frost_cycle_000043,2026-07-27,approach temperature,0.05087962589128626,0.03111411491978754,120,D_COP
frost_cycle_000044,2026-07-27,approach temperature,0.048503451422458925,0.03454743029412782,131,D_COP
frost_cycle_000045,2026-07-27,approach temperature,0.059383199235206754,0.04884219188216423,103,D_COP
frost_cycle_000046,2026-07-27,approach temperature,0.05100548656014325,0.044185122406126126,101,D_COP
frost_cycle_000047,2026-07-27,approach temperature,0.03968933012344323,0.03278246751507103,102,D_COP
frost_cycle_000048,2026-07-27,approach temperature,0.028487048905459972,0.02605851722416363,40,D_COP
frost_cycle_000042,2026-07-27,residual + coil,0.03247874119238179,0.03031692141960362,32,D_COP
frost_cycle_000043,2026-07-27,residual + coil,0.033721123269563745,0.025123511645150455,120,D_COP
frost_cycle_000044,2026-07-27,residual + coil,0.04037690400918325,0.03285175035367831,131,D_COP
frost_cycle_000045,2026-07-27,residual + coil,0.05316634723535909,0.042931330838429115,103,D_COP
frost_cycle_000046,2026-07-27,residual + coil,0.04640971281503405,0.03692719452808512,101,D_COP
frost_cycle_000047,2026-07-27,residual + coil,0.0360583383248206,0.028737658883028615,102,D_COP
frost_cycle_000048,2026-07-27,residual + coil,0.01836108243475432,0.015375215033187728,40,D_COP
frost_cycle_000042,2026-07-27,residual + suction,0.03729191602305575,0.03598916416217955,32,D_COP
frost_cycle_000043,2026-07-27,residual + suction,0.03004614543513029,0.022849425402761712,120,D_COP
frost_cycle_000044,2026-07-27,residual + suction,0.03913627905729652,0.030680416828036954,131,D_COP
frost_cycle_000045,2026-07-27,residual + suction,0.05045241230400554,0.0411139078136584,103,D_COP
frost_cycle_000046,2026-07-27,residual + suction,0.04244189434907978,0.03387421992989699,101,D_COP
frost_cycle_000047,2026-07-27,residual + suction,0.03428634790949521,0.02789631032903097,102,D_COP
frost_cycle_000048,2026-07-27,residual + suction,0.017449402391922834,0.01465586946145544,40,D_COP
frost_cycle_000042,2026-07-27,residual + context,0.02597841753352846,0.022792821784358784,32,D_COP
frost_cycle_000043,2026-07-27,residual + context,0.03246892515197362,0.02259943608926709,120,D_COP
frost_cycle_000044,2026-07-27,residual + context,0.036986752878155234,0.03160794683248917,131,D_COP
frost_cycle_000045,2026-07-27,residual + context,0.048313601379367015,0.041044649408886864,103,D_COP
frost_cycle_000046,2026-07-27,residual + context,0.04377999544550791,0.03666494722649737,101,D_COP
frost_cycle_000047,2026-07-27,residual + context,0.033971632128235035,0.02806254284708555,102,D_COP
frost_cycle_000048,2026-07-27,residual + context,0.021324313843138064,0.019825922375121815,40,D_COP
frost_cycle_000049,2026-07-28,residual state,0.07159292613019345,0.06340409728936829,106,D_Qe_proxy
frost_cycle_000050,2026-07-28,residual state,0.06768642116860983,0.0456976945673558,100,D_Qe_proxy
frost_cycle_000051,2026-07-28,residual state,0.08681302832114299,0.06884417518881744,99,D_Qe_proxy
frost_cycle_000052,2026-07-28,residual state,0.07153485931447391,0.05116016196451121,102,D_Qe_proxy
frost_cycle_000053,2026-07-28,residual state,0.0718639613719491,0.04501028326810242,100,D_Qe_proxy
frost_cycle_000054,2026-07-28,residual state,0.07139048600946037,0.05578515599826975,103,D_Qe_proxy
frost_cycle_000055,2026-07-28,residual state,0.0596439216951079,0.04653940698919916,50,D_Qe_proxy
frost_cycle_000049,2026-07-28,approach temperature,0.08746010141807199,0.0762989228549331,106,D_Qe_proxy
frost_cycle_000050,2026-07-28,approach temperature,0.06598155198574993,0.04772996690289535,100,D_Qe_proxy
frost_cycle_000051,2026-07-28,approach temperature,0.08407199226008025,0.07236550054848935,99,D_Qe_proxy
frost_cycle_000052,2026-07-28,approach temperature,0.07631774144964998,0.058931354521049875,102,D_Qe_proxy
frost_cycle_000053,2026-07-28,approach temperature,0.08776106376567623,0.0511849570991883,100,D_Qe_proxy
frost_cycle_000054,2026-07-28,approach temperature,0.07566662876789501,0.05727411337814654,103,D_Qe_proxy
frost_cycle_000055,2026-07-28,approach temperature,0.062190440560332204,0.054238130157478734,50,D_Qe_proxy
frost_cycle_000049,2026-07-28,residual + coil,0.06667321979254778,0.059194081607026855,106,D_Qe_proxy
frost_cycle_000050,2026-07-28,residual + coil,0.06549784632782424,0.04433956480588829,100,D_Qe_proxy
frost_cycle_000051,2026-07-28,residual + coil,0.08525447935381761,0.06630825407958454,99,D_Qe_proxy
frost_cycle_000052,2026-07-28,residual + coil,0.0708402204371554,0.0486921000269243,102,D_Qe_proxy
frost_cycle_000053,2026-07-28,residual + coil,0.08405839578128366,0.04729212788572043,100,D_Qe_proxy
frost_cycle_000054,2026-07-28,residual + coil,0.06895078185846543,0.05383831841871138,103,D_Qe_proxy
frost_cycle_000055,2026-07-28,residual + coil,0.056445188031937224,0.04384036060199491,50,D_Qe_proxy
frost_cycle_000049,2026-07-28,residual + suction,0.062255842569161265,0.0533020051304355,106,D_Qe_proxy
frost_cycle_000050,2026-07-28,residual + suction,0.06708882161474394,0.04621720450612557,100,D_Qe_proxy
frost_cycle_000051,2026-07-28,residual + suction,0.08601868044653477,0.06774111188072614,99,D_Qe_proxy
frost_cycle_000052,2026-07-28,residual + suction,0.07107831300637492,0.05023806209560616,102,D_Qe_proxy
frost_cycle_000053,2026-07-28,residual + suction,0.08043799735695484,0.04702119176946962,100,D_Qe_proxy
frost_cycle_000054,2026-07-28,residual + suction,0.06782372099065268,0.051924772377699165,103,D_Qe_proxy
frost_cycle_000055,2026-07-28,residual + suction,0.05396818033744854,0.043141427782693385,50,D_Qe_proxy
frost_cycle_000049,2026-07-28,residual + context,0.08072307059574489,0.07019461736997938,106,D_Qe_proxy
frost_cycle_000050,2026-07-28,residual + context,0.06901082809863059,0.06401312309148223,100,D_Qe_proxy
frost_cycle_000051,2026-07-28,residual + context,0.08254648428415218,0.07771494627282048,99,D_Qe_proxy
frost_cycle_000052,2026-07-28,residual + context,0.07373103848846975,0.06694466756673455,102,D_Qe_proxy
frost_cycle_000053,2026-07-28,residual + context,0.06901689851220426,0.0639211643176284,100,D_Qe_proxy
frost_cycle_000054,2026-07-28,residual + context,0.0735641321015108,0.0642696270020828,103,D_Qe_proxy
frost_cycle_000055,2026-07-28,residual + context,0.07472199460799404,0.069850799049569,50,D_Qe_proxy
frost_cycle_000049,2026-07-28,residual state,0.03187839873027357,0.02830508843524828,106,D_Q
frost_cycle_000050,2026-07-28,residual state,0.039759466755632154,0.02879707856499304,100,D_Q
frost_cycle_000051,2026-07-28,residual state,0.04817714902613482,0.03749808957339506,99,D_Q
frost_cycle_000052,2026-07-28,residual state,0.040281999459894205,0.027636380083954082,102,D_Q
frost_cycle_000053,2026-07-28,residual state,0.046916429434238634,0.026381261425563265,100,D_Q
frost_cycle_000054,2026-07-28,residual state,0.04128297044696374,0.031676917462318765,103,D_Q
frost_cycle_000055,2026-07-28,residual state,0.034166809760634714,0.024986998760144465,50,D_Q
frost_cycle_000049,2026-07-28,approach temperature,0.05375593696269959,0.03844762557475877,106,D_Q
frost_cycle_000050,2026-07-28,approach temperature,0.03683740558999241,0.026793589891316357,100,D_Q
frost_cycle_000051,2026-07-28,approach temperature,0.04564170434246718,0.03926635302977381,99,D_Q
frost_cycle_000052,2026-07-28,approach temperature,0.04468487646391175,0.03174015830805981,102,D_Q
frost_cycle_000053,2026-07-28,approach temperature,0.06406334698884342,0.030021219341518288,100,D_Q
frost_cycle_000054,2026-07-28,approach temperature,0.05338832763273793,0.03353536958656474,103,D_Q
frost_cycle_000055,2026-07-28,approach temperature,0.03376761683556654,0.029866369173715716,50,D_Q
frost_cycle_000049,2026-07-28,residual + coil,0.032114158577681316,0.028499241066704446,106,D_Q
frost_cycle_000050,2026-07-28,residual + coil,0.03995324631048399,0.02889846566325331,100,D_Q
frost_cycle_000051,2026-07-28,residual + coil,0.04832019377274639,0.03775562608663104,99,D_Q
frost_cycle_000052,2026-07-28,residual + coil,0.04026133468867186,0.027851876713334663,102,D_Q
frost_cycle_000053,2026-07-28,residual + coil,0.04539185861495076,0.026134203279877095,100,D_Q
frost_cycle_000054,2026-07-28,residual + coil,0.04125726620715947,0.031690148818040054,103,D_Q
frost_cycle_000055,2026-07-28,residual + coil,0.03442210814152238,0.02521724956282105,50,D_Q
frost_cycle_000049,2026-07-28,residual + suction,0.03143602943869229,0.025700808731233232,106,D_Q
frost_cycle_000050,2026-07-28,residual + suction,0.0389820699196168,0.02835715486096642,100,D_Q
frost_cycle_000051,2026-07-28,residual + suction,0.04779115160194171,0.03714350525762965,99,D_Q
frost_cycle_000052,2026-07-28,residual + suction,0.040117178192663284,0.02621772753222117,102,D_Q
frost_cycle_000053,2026-07-28,residual + suction,0.05112992989097146,0.026959151974916905,100,D_Q
frost_cycle_000054,2026-07-28,residual + suction,0.04147949020789874,0.030827903024702716,103,D_Q
frost_cycle_000055,2026-07-28,residual + suction,0.03116819727950837,0.02307073671355746,50,D_Q
frost_cycle_000049,2026-07-28,residual + context,0.03795392389305529,0.031851098724791575,106,D_Q
frost_cycle_000050,2026-07-28,residual + context,0.03642810584498915,0.033395983389635925,100,D_Q
frost_cycle_000051,2026-07-28,residual + context,0.04377274807030026,0.0410380039566727,99,D_Q
frost_cycle_000052,2026-07-28,residual + context,0.036759755682439804,0.03269582342628456,102,D_Q
frost_cycle_000053,2026-07-28,residual + context,0.03718433958392536,0.03465120622473823,100,D_Q
frost_cycle_000054,2026-07-28,residual + context,0.03973712495941205,0.033993928123854385,103,D_Q
frost_cycle_000055,2026-07-28,residual + context,0.038119232519951515,0.03544745111754952,50,D_Q
frost_cycle_000049,2026-07-28,residual state,0.05722143190308106,0.0503930898558647,106,D_COP
frost_cycle_000050,2026-07-28,residual state,0.045079781929863595,0.03233666046358448,100,D_COP
frost_cycle_000051,2026-07-28,residual state,0.05162067290789321,0.041963583620329856,99,D_COP
frost_cycle_000052,2026-07-28,residual state,0.051673946222573056,0.03629090080072071,102,D_COP
frost_cycle_000053,2026-07-28,residual state,0.057219311822228926,0.03363088268449635,100,D_COP
frost_cycle_000054,2026-07-28,residual state,0.043052883658919225,0.031084496172261535,103,D_COP
frost_cycle_000055,2026-07-28,residual state,0.021522012820877023,0.01714126912195946,50,D_COP
frost_cycle_000049,2026-07-28,approach temperature,0.07530058053382706,0.05990971693574713,106,D_COP
frost_cycle_000050,2026-07-28,approach temperature,0.0441438701900745,0.031186932227608866,100,D_COP
frost_cycle_000051,2026-07-28,approach temperature,0.05274515157548629,0.047718090904789505,99,D_COP
frost_cycle_000052,2026-07-28,approach temperature,0.0579845922049693,0.04145549843008597,102,D_COP
frost_cycle_000053,2026-07-28,approach temperature,0.07173774012475244,0.03699963938960776,100,D_COP
frost_cycle_000054,2026-07-28,approach temperature,0.06188433528323799,0.038285610820405734,103,D_COP
frost_cycle_000055,2026-07-28,approach temperature,0.03185360924659433,0.025698453249278056,50,D_COP
frost_cycle_000049,2026-07-28,residual + coil,0.05612063424992937,0.050439418338254646,106,D_COP
frost_cycle_000050,2026-07-28,residual + coil,0.046411989110863215,0.03298667584471237,100,D_COP
frost_cycle_000051,2026-07-28,residual + coil,0.053004737231815036,0.04357482324938499,99,D_COP
frost_cycle_000052,2026-07-28,residual + coil,0.05174990992700862,0.03770990051615704,102,D_COP
frost_cycle_000053,2026-07-28,residual + coil,0.0486717432467583,0.03279900585609605,100,D_COP
frost_cycle_000054,2026-07-28,residual + coil,0.04052624203141604,0.031498167928943124,103,D_COP
frost_cycle_000055,2026-07-28,residual + coil,0.02319385854102676,0.018882591356389755,50,D_COP
frost_cycle_000049,2026-07-28,residual + suction,0.057081610088856885,0.05267886517976272,106,D_COP
frost_cycle_000050,2026-07-28,residual + suction,0.04539407771447073,0.03265118857678726,100,D_COP
frost_cycle_000051,2026-07-28,residual + suction,0.051778018844776064,0.04204610843663708,99,D_COP
frost_cycle_000052,2026-07-28,residual + suction,0.050494425309871895,0.03668975891267793,102,D_COP
frost_cycle_000053,2026-07-28,residual + suction,0.052754624858114,0.033432651005712855,100,D_COP
frost_cycle_000054,2026-07-28,residual + suction,0.03911087796396663,0.030536641909211633,103,D_COP
frost_cycle_000055,2026-07-28,residual + suction,0.021140820139303882,0.018125060695766124,50,D_COP
frost_cycle_000049,2026-07-28,residual + context,0.04899019817866011,0.04340071992333975,106,D_COP
frost_cycle_000050,2026-07-28,residual + context,0.04092534144437329,0.02779214716437314,100,D_COP
frost_cycle_000051,2026-07-28,residual + context,0.04930180738061172,0.043530993592022636,99,D_COP
frost_cycle_000052,2026-07-28,residual + context,0.04399333008123903,0.0332241852290274,102,D_COP
frost_cycle_000053,2026-07-28,residual + context,0.03887822728100365,0.029834291005160905,100,D_COP
frost_cycle_000054,2026-07-28,residual + context,0.03807413500278347,0.03169888340538366,103,D_COP
frost_cycle_000055,2026-07-28,residual + context,0.02604630506175468,0.020720679367918916,50,D_COP
frost_cycle_000056,2026-07-29,residual state,0.06762829609200804,0.059606810397358725,107,D_Qe_proxy
frost_cycle_000057,2026-07-29,residual state,0.06608767720068146,0.04983512915768545,102,D_Qe_proxy
frost_cycle_000058,2026-07-29,residual state,0.07062791759068746,0.04287668956432368,101,D_Qe_proxy
frost_cycle_000059,2026-07-29,residual state,0.07655626372873538,0.05873845491941299,102,D_Qe_proxy
frost_cycle_000056,2026-07-29,approach temperature,0.07699498116985844,0.06815569157292457,107,D_Qe_proxy
frost_cycle_000057,2026-07-29,approach temperature,0.07943320375378889,0.06257816033180846,102,D_Qe_proxy
frost_cycle_000058,2026-07-29,approach temperature,0.0645782974129948,0.04432793505346318,101,D_Qe_proxy
frost_cycle_000059,2026-07-29,approach temperature,0.07134316726264976,0.058390076960552116,102,D_Qe_proxy
frost_cycle_000056,2026-07-29,residual + coil,0.06404245144891862,0.05804251173421796,107,D_Qe_proxy
frost_cycle_000057,2026-07-29,residual + coil,0.06457972056395028,0.04829581417275539,102,D_Qe_proxy
frost_cycle_000058,2026-07-29,residual + coil,0.06947433701488051,0.042407461997123475,101,D_Qe_proxy
frost_cycle_000059,2026-07-29,residual + coil,0.07503532646902526,0.05766230630088677,102,D_Qe_proxy
frost_cycle_000056,2026-07-29,residual + suction,0.05959162706028407,0.0526767354996613,107,D_Qe_proxy
frost_cycle_000057,2026-07-29,residual + suction,0.06571725359783187,0.05016512864648641,102,D_Qe_proxy
frost_cycle_000058,2026-07-29,residual + suction,0.06610970477316314,0.03887143267603112,101,D_Qe_proxy
frost_cycle_000059,2026-07-29,residual + suction,0.07191953468743899,0.0551859695220902,102,D_Qe_proxy
frost_cycle_000056,2026-07-29,residual + context,0.07883904757062385,0.06521621325369473,107,D_Qe_proxy
frost_cycle_000057,2026-07-29,residual + context,0.07345665620062607,0.06648498487135852,102,D_Qe_proxy
frost_cycle_000058,2026-07-29,residual + context,0.06673881543022922,0.05902749982256426,101,D_Qe_proxy
frost_cycle_000059,2026-07-29,residual + context,0.07299837319980698,0.06783385185511392,102,D_Qe_proxy
frost_cycle_000056,2026-07-29,residual state,0.03216058326505037,0.02946169682135624,107,D_Q
frost_cycle_000057,2026-07-29,residual state,0.03730873637774213,0.028368471128080747,102,D_Q
frost_cycle_000058,2026-07-29,residual state,0.04088218777930443,0.026075258349553095,101,D_Q
frost_cycle_000059,2026-07-29,residual state,0.04216545374380415,0.032218387603850644,102,D_Q
frost_cycle_000056,2026-07-29,approach temperature,0.049185142215758836,0.03762907253819479,107,D_Q
frost_cycle_000057,2026-07-29,approach temperature,0.055713026207804654,0.03671631309787496,102,D_Q
frost_cycle_000058,2026-07-29,approach temperature,0.03574382857565588,0.0247837296169647,101,D_Q
frost_cycle_000059,2026-07-29,approach temperature,0.03861151286142501,0.031239086135400797,102,D_Q
frost_cycle_000056,2026-07-29,residual + coil,0.033499385848280584,0.03022166438429925,107,D_Q
frost_cycle_000057,2026-07-29,residual + coil,0.037198955851181895,0.028550826315630138,102,D_Q
frost_cycle_000058,2026-07-29,residual + coil,0.041382989908041706,0.026465492202793282,101,D_Q
frost_cycle_000059,2026-07-29,residual + coil,0.04279327385163405,0.032698365417621125,102,D_Q
frost_cycle_000056,2026-07-29,residual + suction,0.031098254399821907,0.02791098630113061,107,D_Q
frost_cycle_000057,2026-07-29,residual + suction,0.038189528926208145,0.02830245450350505,102,D_Q
frost_cycle_000058,2026-07-29,residual + suction,0.03921576876627071,0.02434747971733426,101,D_Q
frost_cycle_000059,2026-07-29,residual + suction,0.04052066039005108,0.030746287321633235,102,D_Q
frost_cycle_000056,2026-07-29,residual + context,0.042566488776242785,0.0338907637908544,107,D_Q
frost_cycle_000057,2026-07-29,residual + context,0.039734730287350244,0.036073492989448334,102,D_Q
frost_cycle_000058,2026-07-29,residual + context,0.03505080155528606,0.03074609218143073,101,D_Q
frost_cycle_000059,2026-07-29,residual + context,0.037875062784568946,0.03505351151084725,102,D_Q
frost_cycle_000056,2026-07-29,residual state,0.06000667692085049,0.0512886259091045,107,D_COP
frost_cycle_000057,2026-07-29,residual state,0.04632509870341147,0.0320641290242994,102,D_COP
frost_cycle_000058,2026-07-29,residual state,0.04136041220647023,0.0304883102027508,101,D_COP
frost_cycle_000059,2026-07-29,residual state,0.045669117290646655,0.03420395296358788,102,D_COP
frost_cycle_000056,2026-07-29,approach temperature,0.07450876607416171,0.05850077327249711,107,D_COP
frost_cycle_000057,2026-07-29,approach temperature,0.06407244660889022,0.03909935962994408,102,D_COP
frost_cycle_000058,2026-07-29,approach temperature,0.043328256139451425,0.03483984837042227,101,D_COP
frost_cycle_000059,2026-07-29,approach temperature,0.04683421971598823,0.036843353611504044,102,D_COP
frost_cycle_000056,2026-07-29,residual + coil,0.05770347621840897,0.049647142222758914,107,D_COP
frost_cycle_000057,2026-07-29,residual + coil,0.04215950074534465,0.032697578661022346,102,D_COP
frost_cycle_000058,2026-07-29,residual + coil,0.042817933563054106,0.03115087363443149,101,D_COP
frost_cycle_000059,2026-07-29,residual + coil,0.047622574440282256,0.03551260839282742,102,D_COP
frost_cycle_000056,2026-07-29,residual + suction,0.05895812730437305,0.05241879665574265,107,D_COP
frost_cycle_000057,2026-07-29,residual + suction,0.04149196364048623,0.031956281751163586,102,D_COP
frost_cycle_000058,2026-07-29,residual + suction,0.04229850103143666,0.03144887783573458,101,D_COP
frost_cycle_000059,2026-07-29,residual + suction,0.04705439758737014,0.03629333491971546,102,D_COP
frost_cycle_000056,2026-07-29,residual + context,0.05383768330243706,0.04521939561001853,107,D_COP
frost_cycle_000057,2026-07-29,residual + context,0.03780995671603919,0.02970806794751628,102,D_COP
frost_cycle_000058,2026-07-29,residual + context,0.03942000081214009,0.03129191465600359,101,D_COP
frost_cycle_000059,2026-07-29,residual + context,0.042269868189408005,0.03314640731268229,102,D_COP
