model,camera_group,training_protocol,modality,regret_threshold,sample_retained_fraction,eligible_image_coverage,metric,estimate,lower,upper,experiment_count,evaluable_experiment_count
logistic,top,single_view,rgb,0.01,1.0,0.6539888682745826,balanced_accuracy,0.9084054834054833,0.8181277056277058,0.9685637626262626,11,11
logistic,top,single_view,rgb,0.01,1.0,0.6539888682745826,macro_f1,0.8835906354965407,0.7629400927507981,0.9614839726237595,11,11
logistic,top,single_view,rgb,0.01,1.0,0.6539888682745826,auroc,0.9726152898027898,0.9553020344817218,0.9893156828703704,11,11
logistic,top,single_view,rgb,0.01,1.0,0.6539888682745826,balanced_misclassification_regret,0.0028924402324521387,0.0004870020111627765,0.007057147754418407,11,11
random_forest,top,single_view,rgb,0.01,1.0,0.6539888682745826,balanced_accuracy,0.9037518037518038,0.8144191919191918,0.9627164502164501,11,11
random_forest,top,single_view,rgb,0.01,1.0,0.6539888682745826,macro_f1,0.8812033199359823,0.7621608719617983,0.9569459330245246,11,11
random_forest,top,single_view,rgb,0.01,1.0,0.6539888682745826,auroc,0.975190646544813,0.96119082378848,0.988787515532307,11,11
random_forest,top,single_view,rgb,0.01,1.0,0.6539888682745826,balanced_misclassification_regret,0.0029384123582690933,0.0005428812925041636,0.007076876787232091,11,11
rbf_svm,top,single_view,rgb,0.01,1.0,0.6539888682745826,balanced_accuracy,0.9052128427128427,0.815566378066378,0.9639249639249639,11,11
rbf_svm,top,single_view,rgb,0.01,1.0,0.6539888682745826,macro_f1,0.8791332344150454,0.7599756170010133,0.9554002429538266,11,11
rbf_svm,top,single_view,rgb,0.01,1.0,0.6539888682745826,auroc,0.9612620500641333,0.9308154210758378,0.985553466836019,11,11
rbf_svm,top,single_view,rgb,0.01,1.0,0.6539888682745826,balanced_misclassification_regret,0.002934459432812521,0.0005461507499075197,0.007071524470033326,11,11
hist_gradient_boosting,top,single_view,rgb,0.01,1.0,0.6539888682745826,balanced_accuracy,0.8934613997113996,0.8042207792207794,0.953062996031746,11,11
hist_gradient_boosting,top,single_view,rgb,0.01,1.0,0.6539888682745826,macro_f1,0.8739447288775627,0.7550014495885969,0.9499318695933565,11,11
hist_gradient_boosting,top,single_view,rgb,0.01,1.0,0.6539888682745826,auroc,0.9055659521805354,0.7585951028138528,0.9862319468243947,11,11
hist_gradient_boosting,top,single_view,rgb,0.01,1.0,0.6539888682745826,balanced_misclassification_regret,0.003146233685015361,0.0007276864051919813,0.00727757582775676,11,11
mlp,top,single_view,rgb,0.01,1.0,0.6539888682745826,balanced_accuracy,0.9116522366522365,0.8213744588744589,0.9692279942279942,11,11
mlp,top,single_view,rgb,0.01,1.0,0.6539888682745826,macro_f1,0.8864879857219133,0.7663678790821504,0.962332133215523,11,11
mlp,top,single_view,rgb,0.01,1.0,0.6539888682745826,auroc,0.9669004028379028,0.9500052609427609,0.9833871828403079,11,11
mlp,top,single_view,rgb,0.01,1.0,0.6539888682745826,balanced_misclassification_regret,0.004806841425707079,0.0006113795331245164,0.012184973932061522,11,11
logistic,top_close,single_view,rgb,0.01,1.0,0.6584605796198193,balanced_accuracy,0.901461038961039,0.8114835858585858,0.9611336580086579,11,11
logistic,top_close,single_view,rgb,0.01,1.0,0.6584605796198193,macro_f1,0.8760161535981683,0.7564589114494199,0.9531828307411521,11,11
logistic,top_close,single_view,rgb,0.01,1.0,0.6584605796198193,auroc,0.964797403599487,0.945873354076479,0.9829087470689033,11,11
logistic,top_close,single_view,rgb,0.01,1.0,0.6584605796198193,balanced_misclassification_regret,0.0045625693075739444,0.0006348648590191753,0.011785813486969648,11,11
random_forest,top_close,single_view,rgb,0.01,1.0,0.6584605796198193,balanced_accuracy,0.9095238095238095,0.8612914862914863,0.9541666666666667,11,11
random_forest,top_close,single_view,rgb,0.01,1.0,0.6584605796198193,macro_f1,0.8992545501908137,0.8485110542979577,0.9466841486100467,11,11
random_forest,top_close,single_view,rgb,0.01,1.0,0.6584605796198193,auroc,0.9702433561808562,0.9488433629449257,0.9885461760461761,11,11
random_forest,top_close,single_view,rgb,0.01,1.0,0.6584605796198193,balanced_misclassification_regret,0.002624685929956056,0.0008171637156431864,0.005195676549328778,11,11
rbf_svm,top_close,single_view,rgb,0.01,1.0,0.6584605796198193,balanced_accuracy,0.9066919191919193,0.8181786616161617,0.9652777777777778,11,11
rbf_svm,top_close,single_view,rgb,0.01,1.0,0.6584605796198193,macro_f1,0.8798123720940473,0.7601994962082348,0.9569627918600361,11,11
rbf_svm,top_close,single_view,rgb,0.01,1.0,0.6584605796198193,auroc,0.9220741642616642,0.8315280784030783,0.9796440972222221,11,11
rbf_svm,top_close,single_view,rgb,0.01,1.0,0.6584605796198193,balanced_misclassification_regret,0.002950031973393964,0.0005674312122803581,0.007125244168135123,11,11
hist_gradient_boosting,top_close,single_view,rgb,0.01,1.0,0.6584605796198193,balanced_accuracy,0.896897546897547,0.8443118686868686,0.9436812319624819,11,11
hist_gradient_boosting,top_close,single_view,rgb,0.01,1.0,0.6584605796198193,macro_f1,0.8873639945493906,0.8308043340788772,0.9380230670843864,11,11
hist_gradient_boosting,top_close,single_view,rgb,0.01,1.0,0.6584605796198193,auroc,0.9725229727833895,0.9566804985620091,0.9881351492354097,11,11
hist_gradient_boosting,top_close,single_view,rgb,0.01,1.0,0.6584605796198193,balanced_misclassification_regret,0.0028336212095337265,0.001124418441444438,0.004984907714676674,11,11
mlp,top_close,single_view,rgb,0.01,1.0,0.6584605796198193,balanced_accuracy,0.9012536075036075,0.8126242334054834,0.9609246482683983,11,11
mlp,top_close,single_view,rgb,0.01,1.0,0.6584605796198193,macro_f1,0.8715385171791635,0.7529092655398371,0.9510147147606042,11,11
mlp,top_close,single_view,rgb,0.01,1.0,0.6584605796198193,auroc,0.9303716730800066,0.8391359152036235,0.9865603580447331,11,11
mlp,top_close,single_view,rgb,0.01,1.0,0.6584605796198193,balanced_misclassification_regret,0.004792387608552624,0.0007881808547187072,0.012032114395943287,11,11
logistic,left,single_view,rgb,0.01,1.0,0.6543735715769791,balanced_accuracy,0.9447420634920636,0.9157435966810967,0.973169191919192,11,11
logistic,left,single_view,rgb,0.01,1.0,0.6543735715769791,macro_f1,0.9358833009775602,0.9041689892988287,0.9681433674009398,11,11
logistic,left,single_view,rgb,0.01,1.0,0.6543735715769791,auroc,0.9696836920795253,0.9498774638748597,0.9885241301907968,11,11
logistic,left,single_view,rgb,0.01,1.0,0.6543735715769791,balanced_misclassification_regret,0.00114419110398908,0.00044432761308980457,0.0019765390197744744,11,11
random_forest,left,single_view,rgb,0.01,1.0,0.6543735715769791,balanced_accuracy,0.9447420634920636,0.9179511634199135,0.9703330176767675,11,11
random_forest,left,single_view,rgb,0.01,1.0,0.6543735715769791,macro_f1,0.9384222234959096,0.9117590463417717,0.9660339825339391,11,11
random_forest,left,single_view,rgb,0.01,1.0,0.6543735715769791,auroc,0.9677514229597562,0.9448547979797979,0.9885593284030784,11,11
random_forest,left,single_view,rgb,0.01,1.0,0.6543735715769791,balanced_misclassification_regret,0.0014553888440475117,0.0005435783857940473,0.002519782955447818,11,11
rbf_svm,left,single_view,rgb,0.01,1.0,0.6543735715769791,balanced_accuracy,0.9485299422799423,0.9274711399711401,0.9688866341991342,11,11
rbf_svm,left,single_view,rgb,0.01,1.0,0.6543735715769791,macro_f1,0.9390462004052048,0.914203368719497,0.9632093671290117,11,11
rbf_svm,left,single_view,rgb,0.01,1.0,0.6543735715769791,auroc,0.9746726942039442,0.9516073589315777,0.9932924388979076,11,11
rbf_svm,left,single_view,rgb,0.01,1.0,0.6543735715769791,balanced_misclassification_regret,0.0012057641324356484,0.0006079675652783295,0.001847080815656117,11,11
hist_gradient_boosting,left,single_view,rgb,0.01,1.0,0.6543735715769791,balanced_accuracy,0.8947781385281387,0.8038690476190475,0.95864898989899,11,11
hist_gradient_boosting,left,single_view,rgb,0.01,1.0,0.6543735715769791,macro_f1,0.8745786604106282,0.7544468973277237,0.95283467149997,11,11
hist_gradient_boosting,left,single_view,rgb,0.01,1.0,0.6543735715769791,auroc,0.9688163880872215,0.9473885055916306,0.988541165624499,11,11
hist_gradient_boosting,left,single_view,rgb,0.01,1.0,0.6543735715769791,balanced_misclassification_regret,0.003393282362706003,0.0006849759813129575,0.0076494532348125215,11,11
mlp,left,single_view,rgb,0.01,1.0,0.6543735715769791,balanced_accuracy,0.9478084415584416,0.9229342532467532,0.9731748286435786,11,11
mlp,left,single_view,rgb,0.01,1.0,0.6543735715769791,macro_f1,0.9364527493682769,0.9052253417445195,0.9679879442293212,11,11
mlp,left,single_view,rgb,0.01,1.0,0.6543735715769791,auroc,0.9737982503607502,0.9545139264670516,0.9918771043771044,11,11
mlp,left,single_view,rgb,0.01,1.0,0.6543735715769791,balanced_misclassification_regret,0.0010722932774785998,0.00045763270232372535,0.0017749531450590675,11,11
logistic,left_close,single_view,rgb,0.01,1.0,0.6525923626203043,balanced_accuracy,0.919761640798226,0.8692486988790343,0.9624368686868686,11,11
logistic,left_close,single_view,rgb,0.01,1.0,0.6525923626203043,macro_f1,0.9054985865626037,0.8452376800221728,0.9571496162766882,11,11
logistic,left_close,single_view,rgb,0.01,1.0,0.6525923626203043,auroc,0.9551477041759052,0.9183094714292312,0.9863925715488214,11,11
logistic,left_close,single_view,rgb,0.01,1.0,0.6525923626203043,balanced_misclassification_regret,0.001921480131877499,0.0006117536668386181,0.0037147803366520925,11,11
random_forest,left_close,single_view,rgb,0.01,1.0,0.6525923626203043,balanced_accuracy,0.9380142892338014,0.906023843619118,0.968560837028825,11,11
random_forest,left_close,single_view,rgb,0.01,1.0,0.6525923626203043,macro_f1,0.9267309350605349,0.8835990240501777,0.9641404382643154,11,11
random_forest,left_close,single_view,rgb,0.01,1.0,0.6525923626203043,auroc,0.9679948836262354,0.9532410214312844,0.9831998850291533,11,11
random_forest,left_close,single_view,rgb,0.01,1.0,0.6525923626203043,balanced_misclassification_regret,0.00113807163267281,0.000481735869510373,0.0018934331565215738,11,11
rbf_svm,left_close,single_view,rgb,0.01,1.0,0.6525923626203043,balanced_accuracy,0.9209657551120966,0.8788060482877555,0.9606123737373738,11,11
rbf_svm,left_close,single_view,rgb,0.01,1.0,0.6525923626203043,macro_f1,0.9184218969900164,0.8797397843991374,0.9564826714223681,11,11
rbf_svm,left_close,single_view,rgb,0.01,1.0,0.6525923626203043,auroc,0.9594938417029373,0.9340670343552395,0.9801671734066615,11,11
rbf_svm,left_close,single_view,rgb,0.01,1.0,0.6525923626203043,balanced_misclassification_regret,0.001936475782964104,0.0007351307714284299,0.0033469600357710055,11,11
hist_gradient_boosting,left_close,single_view,rgb,0.01,1.0,0.6525923626203043,balanced_accuracy,0.9287678615422515,0.8886383653609263,0.9633901515151515,11,11
hist_gradient_boosting,left_close,single_view,rgb,0.01,1.0,0.6525923626203043,macro_f1,0.9184512217302846,0.864738634231594,0.9609050646486126,11,11
hist_gradient_boosting,left_close,single_view,rgb,0.01,1.0,0.6525923626203043,auroc,0.9476240855369411,0.8968257454926979,0.982648972362514,11,11
hist_gradient_boosting,left_close,single_view,rgb,0.01,1.0,0.6525923626203043,balanced_misclassification_regret,0.0016156883476044852,0.0007152669905115957,0.0026392099174111796,11,11
mlp,left_close,single_view,rgb,0.01,1.0,0.6525923626203043,balanced_accuracy,0.9355506282335552,0.8941469573786647,0.9712121212121212,11,11
mlp,left_close,single_view,rgb,0.01,1.0,0.6525923626203043,macro_f1,0.9174056255279943,0.8586567921237841,0.9654323194341099,11,11
mlp,left_close,single_view,rgb,0.01,1.0,0.6525923626203043,auroc,0.9467869754455122,0.8868308337439437,0.9871396254208753,11,11
mlp,left_close,single_view,rgb,0.01,1.0,0.6525923626203043,balanced_misclassification_regret,0.0017116658692520902,0.0005853961321337269,0.003070723022754778,11,11
logistic,front,single_view,rgb,0.01,1.0,0.6626226395189366,balanced_accuracy,0.9615620490620492,0.9407828282828283,0.9815128968253969,11,11
logistic,front,single_view,rgb,0.01,1.0,0.6626226395189366,macro_f1,0.9516988914103798,0.9248040779098385,0.9777711532535299,11,11
logistic,front,single_view,rgb,0.01,1.0,0.6626226395189366,auroc,0.9711692821067821,0.9491935726310726,0.9910037878787878,11,11
logistic,front,single_view,rgb,0.01,1.0,0.6626226395189366,balanced_misclassification_regret,0.0006538082688817169,0.00023369824475180396,0.0011723298416762382,11,11
random_forest,front,single_view,rgb,0.01,1.0,0.6626226395189366,balanced_accuracy,0.956511544011544,0.9325392316017314,0.9802502705627707,11,11
random_forest,front,single_view,rgb,0.01,1.0,0.6626226395189366,macro_f1,0.947018595181185,0.9182070514043048,0.9756509879670667,11,11
random_forest,front,single_view,rgb,0.01,1.0,0.6626226395189366,auroc,0.9729632635882637,0.9538700246512747,0.9909722034331409,11,11
random_forest,front,single_view,rgb,0.01,1.0,0.6626226395189366,balanced_misclassification_regret,0.000994308910696593,0.0003334101567050187,0.0017689900765011613,11,11
rbf_svm,front,single_view,rgb,0.01,1.0,0.6626226395189366,balanced_accuracy,0.9653138528138527,0.9420454545454546,0.9867424242424243,11,11
rbf_svm,front,single_view,rgb,0.01,1.0,0.6626226395189366,macro_f1,0.9547274908679942,0.9251716063217095,0.982517732038232,11,11
rbf_svm,front,single_view,rgb,0.01,1.0,0.6626226395189366,auroc,0.9671198593073593,0.9388406573172199,0.9904626623376622,11,11
rbf_svm,front,single_view,rgb,0.01,1.0,0.6626226395189366,balanced_misclassification_regret,0.0006222413980992319,0.00018318685536814364,0.0011570865400180274,11,11
hist_gradient_boosting,front,single_view,rgb,0.01,1.0,0.6626226395189366,balanced_accuracy,0.9533306085167788,0.9252848872463234,0.9798430735930735,11,11
hist_gradient_boosting,front,single_view,rgb,0.01,1.0,0.6626226395189366,macro_f1,0.9468175092193853,0.9153665885969308,0.9767381275889448,11,11
hist_gradient_boosting,front,single_view,rgb,0.01,1.0,0.6626226395189366,auroc,0.9750288099246432,0.9563643691378066,0.9919926572270322,11,11
hist_gradient_boosting,front,single_view,rgb,0.01,1.0,0.6626226395189366,balanced_misclassification_regret,0.0008863601644403054,0.0003617990969778114,0.0014616490525978091,11,11
mlp,front,single_view,rgb,0.01,1.0,0.6626226395189366,balanced_accuracy,0.9613365800865801,0.9384911616161615,0.9828282828282829,11,11
mlp,front,single_view,rgb,0.01,1.0,0.6626226395189366,macro_f1,0.9496934082236229,0.9207766578676847,0.9773082459475688,11,11
mlp,front,single_view,rgb,0.01,1.0,0.6626226395189366,auroc,0.9708491161616162,0.9476516466750842,0.9912615740740741,11,11
mlp,front,single_view,rgb,0.01,1.0,0.6626226395189366,balanced_misclassification_regret,0.000731253844573257,0.00027497845749804503,0.0012626793850321672,11,11
logistic,extreme,single_view,rgb,0.01,1.0,0.6543440105309346,balanced_accuracy,0.8672519841269841,0.7522063492063492,0.9538509424603175,10,10
logistic,extreme,single_view,rgb,0.01,1.0,0.6543440105309346,macro_f1,0.8355924151021477,0.6893365635703407,0.9440378618428543,10,10
logistic,extreme,single_view,rgb,0.01,1.0,0.6543440105309346,auroc,0.9699123677248677,0.954356605489418,0.9863186177248677,10,10
logistic,extreme,single_view,rgb,0.01,1.0,0.6543440105309346,balanced_misclassification_regret,0.005795430088992603,0.0007580490857345926,0.01321411173433298,10,10
random_forest,extreme,single_view,rgb,0.01,1.0,0.6543440105309346,balanced_accuracy,0.9072222222222223,0.8395833333333333,0.9586111111111111,10,10
random_forest,extreme,single_view,rgb,0.01,1.0,0.6543440105309346,macro_f1,0.8966194683375572,0.8229693891948157,0.9522128617277319,10,10
random_forest,extreme,single_view,rgb,0.01,1.0,0.6543440105309346,auroc,0.9577150848765432,0.9337287567515433,0.9779517264660493,10,10
random_forest,extreme,single_view,rgb,0.01,1.0,0.6543440105309346,balanced_misclassification_regret,0.0025975512128257566,0.0006674675488969826,0.005605035682806096,10,10
rbf_svm,extreme,single_view,rgb,0.01,1.0,0.6543440105309346,balanced_accuracy,0.8337698412698412,0.6779747023809524,0.9530753968253969,10,10
rbf_svm,extreme,single_view,rgb,0.01,1.0,0.6543440105309346,macro_f1,0.8053792050210923,0.6228079208876018,0.941233214696385,10,10
rbf_svm,extreme,single_view,rgb,0.01,1.0,0.6543440105309346,auroc,0.8135276124338626,0.5802562003968255,0.9747833994708994,10,10
rbf_svm,extreme,single_view,rgb,0.01,1.0,0.6543440105309346,balanced_misclassification_regret,0.008034403340875585,0.0007634140847681117,0.01795507629971309,10,10
hist_gradient_boosting,extreme,single_view,rgb,0.01,1.0,0.6543440105309346,balanced_accuracy,0.8808333333333334,0.8100694444444445,0.9412569444444443,10,10
hist_gradient_boosting,extreme,single_view,rgb,0.01,1.0,0.6543440105309346,macro_f1,0.8703680920054868,0.7935407149476948,0.9340044528372703,10,10
hist_gradient_boosting,extreme,single_view,rgb,0.01,1.0,0.6543440105309346,auroc,0.9716087962962963,0.9543747106481482,0.988912181712963,10,10
hist_gradient_boosting,extreme,single_view,rgb,0.01,1.0,0.6543440105309346,balanced_misclassification_regret,0.00412127769539222,0.0010761198104088582,0.008067687614939131,10,10
mlp,extreme,single_view,rgb,0.01,1.0,0.6543440105309346,balanced_accuracy,0.8837301587301587,0.7871527777777778,0.9486123511904764,10,10
mlp,extreme,single_view,rgb,0.01,1.0,0.6543440105309346,macro_f1,0.852801552035603,0.7248465901896316,0.9358559009477365,10,10
mlp,extreme,single_view,rgb,0.01,1.0,0.6543440105309346,auroc,0.977458664021164,0.9617683531746032,0.9927604166666667,10,10
mlp,extreme,single_view,rgb,0.01,1.0,0.6543440105309346,balanced_misclassification_regret,0.005257915755736938,0.0009000178967951461,0.013201536568970594,10,10
logistic,top_pair,pooled_views,rgb,0.01,1.0,0.6562160484246469,balanced_accuracy,0.9167658730158731,0.8511427895021644,0.9616265331890332,11,11
logistic,top_pair,pooled_views,rgb,0.01,1.0,0.6562160484246469,macro_f1,0.9048027644709232,0.8384472715113935,0.9529174388790402,11,11
logistic,top_pair,pooled_views,rgb,0.01,1.0,0.6562160484246469,auroc,0.9467491444704986,0.9030200747241762,0.9801442649147727,11,11
logistic,top_pair,pooled_views,rgb,0.01,1.0,0.6562160484246469,balanced_misclassification_regret,0.0025185943093802747,0.0008119160492111314,0.005260540427320059,11,11
random_forest,top_pair,pooled_views,rgb,0.01,1.0,0.6562160484246469,balanced_accuracy,0.940458152958153,0.9191314935064935,0.962689393939394,11,11
random_forest,top_pair,pooled_views,rgb,0.01,1.0,0.6562160484246469,macro_f1,0.9320782880969533,0.9074826960582452,0.9574142470987286,11,11
random_forest,top_pair,pooled_views,rgb,0.01,1.0,0.6562160484246469,auroc,0.974487371232163,0.9573592118481442,0.9896872369528619,11,11
random_forest,top_pair,pooled_views,rgb,0.01,1.0,0.6562160484246469,balanced_misclassification_regret,0.0014442638818608993,0.0007655417430943449,0.002160008123249291,11,11
rbf_svm,top_pair,pooled_views,rgb,0.01,1.0,0.6562160484246469,balanced_accuracy,0.9495129870129871,0.9281290584415585,0.9708694083694084,11,11
rbf_svm,top_pair,pooled_views,rgb,0.01,1.0,0.6562160484246469,macro_f1,0.9377949857385253,0.9103989441433705,0.9645380990334235,11,11
rbf_svm,top_pair,pooled_views,rgb,0.01,1.0,0.6562160484246469,auroc,0.9594017431257016,0.9302266479903198,0.984350098204265,11,11
rbf_svm,top_pair,pooled_views,rgb,0.01,1.0,0.6562160484246469,balanced_misclassification_regret,0.0009347806459466937,0.0004778551289831041,0.001469366253637343,11,11
hist_gradient_boosting,top_pair,pooled_views,rgb,0.01,1.0,0.6562160484246469,balanced_accuracy,0.9306863275613275,0.9082065070346319,0.9522411616161616,11,11
hist_gradient_boosting,top_pair,pooled_views,rgb,0.01,1.0,0.6562160484246469,macro_f1,0.9238305248965782,0.8995001252038581,0.9475698572478372,11,11
hist_gradient_boosting,top_pair,pooled_views,rgb,0.01,1.0,0.6562160484246469,auroc,0.9723280360650154,0.9581411773989899,0.9865222310844055,11,11
hist_gradient_boosting,top_pair,pooled_views,rgb,0.01,1.0,0.6562160484246469,balanced_misclassification_regret,0.0017476198884699807,0.0010326630605867256,0.0025363752069238903,11,11
mlp,top_pair,pooled_views,rgb,0.01,1.0,0.6562160484246469,balanced_accuracy,0.9498466810966811,0.9282541937229437,0.9720328282828283,11,11
mlp,top_pair,pooled_views,rgb,0.01,1.0,0.6562160484246469,macro_f1,0.9373939087881282,0.9101759670570096,0.9662242125910163,11,11
mlp,top_pair,pooled_views,rgb,0.01,1.0,0.6562160484246469,auroc,0.9686544575216451,0.9513544860810487,0.9845689925670393,11,11
mlp,top_pair,pooled_views,rgb,0.01,1.0,0.6562160484246469,balanced_misclassification_regret,0.0012039143851308232,0.0005383263071912512,0.0019513530245867398,11,11
logistic,left_pair,pooled_views,rgb,0.01,1.0,0.6534812587485095,balanced_accuracy,0.9430099184617258,0.9127871619051966,0.9697285353535353,11,11
logistic,left_pair,pooled_views,rgb,0.01,1.0,0.6534812587485095,macro_f1,0.9365679428646551,0.9054521339792727,0.9652772921380185,11,11
logistic,left_pair,pooled_views,rgb,0.01,1.0,0.6534812587485095,auroc,0.9723076016185956,0.9550167680665846,0.9892361111111111,11,11
logistic,left_pair,pooled_views,rgb,0.01,1.0,0.6534812587485095,balanced_misclassification_regret,0.0012333759428726754,0.0005703173153758557,0.0020008834464012347,11,11
random_forest,left_pair,pooled_views,rgb,0.01,1.0,0.6534812587485095,balanced_accuracy,0.9370945904831447,0.9007384747322624,0.9666982323232325,11,11
random_forest,left_pair,pooled_views,rgb,0.01,1.0,0.6534812587485095,macro_f1,0.9307770953310314,0.8940150228663635,0.9624113528592521,11,11
random_forest,left_pair,pooled_views,rgb,0.01,1.0,0.6534812587485095,auroc,0.967279933602254,0.9469246679742962,0.9861673922383559,11,11
random_forest,left_pair,pooled_views,rgb,0.01,1.0,0.6534812587485095,balanced_misclassification_regret,0.0014947196574745922,0.0006164053696047748,0.0027399908621895336,11,11
rbf_svm,left_pair,pooled_views,rgb,0.01,1.0,0.6534812587485095,balanced_accuracy,0.9399259918461724,0.9139423318273091,0.9654703282828282,11,11
rbf_svm,left_pair,pooled_views,rgb,0.01,1.0,0.6534812587485095,macro_f1,0.9343897253649907,0.9060733609799763,0.9624750384643488,11,11
rbf_svm,left_pair,pooled_views,rgb,0.01,1.0,0.6534812587485095,auroc,0.9638217669710829,0.9416934208186915,0.9833706071259997,11,11
rbf_svm,left_pair,pooled_views,rgb,0.01,1.0,0.6534812587485095,balanced_misclassification_regret,0.001336071623885011,0.0006040971498194915,0.002121035061850235,11,11
hist_gradient_boosting,left_pair,pooled_views,rgb,0.01,1.0,0.6534812587485095,balanced_accuracy,0.9385340604843617,0.9059465608646711,0.9655942234848484,11,11
hist_gradient_boosting,left_pair,pooled_views,rgb,0.01,1.0,0.6534812587485095,macro_f1,0.9316609448843924,0.8943157567386262,0.9627181494593106,11,11
hist_gradient_boosting,left_pair,pooled_views,rgb,0.01,1.0,0.6534812587485095,auroc,0.9622188617686231,0.9383838011452376,0.985120300224467,11,11
hist_gradient_boosting,left_pair,pooled_views,rgb,0.01,1.0,0.6534812587485095,balanced_misclassification_regret,0.0013164465599188144,0.0006516604064136905,0.0020838094959110876,11,11
mlp,left_pair,pooled_views,rgb,0.01,1.0,0.6534812587485095,balanced_accuracy,0.9189082085919434,0.8669759815778266,0.9599124053030303,11,11
mlp,left_pair,pooled_views,rgb,0.01,1.0,0.6534812587485095,macro_f1,0.9049830605214045,0.846989955554519,0.9528520846174509,11,11
mlp,left_pair,pooled_views,rgb,0.01,1.0,0.6534812587485095,auroc,0.9656870458475314,0.9388380542371507,0.9888558435921716,11,11
mlp,left_pair,pooled_views,rgb,0.01,1.0,0.6534812587485095,balanced_misclassification_regret,0.00215710421022342,0.0007028954439795688,0.004349164848971795,11,11
logistic,all,pooled_views,rgb,0.01,1.0,0.6560571897995211,balanced_accuracy,0.936799360562037,0.9009346371020356,0.9673981051040711,11,11
logistic,all,pooled_views,rgb,0.01,1.0,0.6560571897995211,macro_f1,0.9269108918004562,0.8897272624771818,0.9616496605751093,11,11
logistic,all,pooled_views,rgb,0.01,1.0,0.6560571897995211,auroc,0.953275809564009,0.9173063386659612,0.9823904911515194,11,11
logistic,all,pooled_views,rgb,0.01,1.0,0.6560571897995211,balanced_misclassification_regret,0.0016577692593546418,0.000497879257948826,0.003365599035686148,11,11
random_forest,all,pooled_views,rgb,0.01,1.0,0.6560571897995211,balanced_accuracy,0.9472035747429627,0.9259623150343224,0.9675850815249865,11,11
random_forest,all,pooled_views,rgb,0.01,1.0,0.6560571897995211,macro_f1,0.9377101041434174,0.9125122664102079,0.9621294778067633,11,11
random_forest,all,pooled_views,rgb,0.01,1.0,0.6560571897995211,auroc,0.9685755639850331,0.953458538373685,0.9835492354632694,11,11
random_forest,all,pooled_views,rgb,0.01,1.0,0.6560571897995211,balanced_misclassification_regret,0.001154308838836395,0.0005551287890409566,0.0018453547858533921,11,11
rbf_svm,all,pooled_views,rgb,0.01,1.0,0.6560571897995211,balanced_accuracy,0.9506936060471916,0.9301756871923083,0.9707807239057239,11,11
rbf_svm,all,pooled_views,rgb,0.01,1.0,0.6560571897995211,macro_f1,0.9389933766493218,0.9122559193575505,0.9649979129883897,11,11
rbf_svm,all,pooled_views,rgb,0.01,1.0,0.6560571897995211,auroc,0.962582219946016,0.9411739465107677,0.9836962593940085,11,11
rbf_svm,all,pooled_views,rgb,0.01,1.0,0.6560571897995211,balanced_misclassification_regret,0.0009692781143382724,0.0004682929019903351,0.0015255560643191953,11,11
hist_gradient_boosting,all,pooled_views,rgb,0.01,1.0,0.6560571897995211,balanced_accuracy,0.9363998657954653,0.9111474076909383,0.9603864114631159,11,11
hist_gradient_boosting,all,pooled_views,rgb,0.01,1.0,0.6560571897995211,macro_f1,0.9289176999613544,0.8998448212931074,0.9566075374049253,11,11
hist_gradient_boosting,all,pooled_views,rgb,0.01,1.0,0.6560571897995211,auroc,0.9631721492949289,0.943864749554587,0.9822399523964391,11,11
hist_gradient_boosting,all,pooled_views,rgb,0.01,1.0,0.6560571897995211,balanced_misclassification_regret,0.0014059743900702983,0.0007352497375086193,0.002173207415168324,11,11
mlp,all,pooled_views,rgb,0.01,1.0,0.6560571897995211,balanced_accuracy,0.9383220599390012,0.9131086508724819,0.9620037595257172,11,11
mlp,all,pooled_views,rgb,0.01,1.0,0.6560571897995211,macro_f1,0.9280304955195846,0.9001710168977413,0.9558885026564359,11,11
mlp,all,pooled_views,rgb,0.01,1.0,0.6560571897995211,auroc,0.9642164185322728,0.9451816763733274,0.9834106074268126,11,11
mlp,all,pooled_views,rgb,0.01,1.0,0.6560571897995211,balanced_misclassification_regret,0.0015647134140678717,0.0007256461388531842,0.0026976709968761776,11,11
