Evidence ID,Source ID,Research question,Claim supported,Evidence type,Population/context,Method,Main result,Quantitative anchor,Limitations,Contradictions,Direct/indirect,Verification status,Manuscript use
E-DATA-001,AUTHOR-DATA,"Can raw measurements define an empirical defrost optimum?","Complete raw-data cycles yield auditable policy-conditional cost minima.",Retrospective cohort,"77 catalogued ASHP cycles","Raw approximately 1-s water-side and electrical integration with fixed observed defrost ticket","47 cycles had complete candidate domains; 37 had an interior minimum","47/77 complete; 37/47 interior; median lead 58.8 min","No counterfactual early-defrost ticket; future clean anchor used offline","Broad regret valleys weaken exact-time labels",Direct,Verified by code/tests/source tables,"Results; Fig. 1"
E-DATA-002,AUTHOR-DATA,"How precisely is the optimum identified?","Pointwise regret is more defensible than one universal time window.",Sensitivity analysis,"47 complete cycles","Candidate-level relative regret at 1%, 2%, 5% and 10%","Near-optimal width varied strongly and low-regret sets could be disconnected","Median envelopes 33.0, 52.0, 95.0 and 102.8 min","Envelope is not necessarily continuous","Contradicts an arbitrary ±10-min label",Direct,Verified by source tables,"Results; label definition"
E-DATA-003,AUTHOR-DATA,"Can cost curves supervise RGB frames without leakage?","Pointwise cost regret can be joined to images and split by experiment.",Dataset derivation,"105178 image metadata rows; 45 cost-valid cycles with images","Timestamp interpolation of candidate regret and whole-experiment partition","57213 images were eligible within candidate domains","Train/validation/test: 7/2/2 experiments","Historical labels inherit cost-model assumptions","Frame-random splitting would overstate performance",Direct,Verified by tests and source tables,"Methods; Fig. 2"
E-DATA-004,AUTHOR-DATA,"Which initial RGB task and model are viable?","Excluding the 1% near-optimal set produced a stronger engineering baseline than three-class prediction.",Engineering smoke test,"Local images from a subset of cycles","Five models on shared sampled frames and experiment-level split","Binary RBF-SVM exceeded three-class logistic on validation balanced accuracy","0.816 binary vs 0.617 three-class","Only two validation cycles and one post-optimal validation cycle; local test was inspected","Not publication evidence",Direct,Verified by committed metrics,"Model-development supplement"
E-DATA-005,AUTHOR-DATA,"Does the visual signal transfer between validation experiments?","Compact RGB features retain a strong cross-experiment signal in the currently available validation experiments.",Leave-one-experiment-out analysis,"8 validation cycles from 2 experiments","Cycle-streamed 40-dimensional color/gradient/role features; locked RBF-SVM","Top-pair pooled images led the expanded validation comparison","Balanced accuracy 0.953 for top_pair; 0.944 for all","Only two experiments; camera differences lack uncertainty intervals","May reflect experiment/illumination effects rather than frost alone",Direct,Verified by committed predictions,"Provisional Results; not final headline"
E-LIT-001,HP-001,"Has energy-based optimal defrost timing been studied?","Energy-loss objectives can exhibit an optimal defrost initiation time.",Peer-reviewed experimental/model study,ASHP frosting-defrosting operation,"Minimum loss coefficient in nominal output heating energy","Reported and modelled an optimal initiation point",DOI 10.1016/j.energy.2019.116505,"Full method comparison pending full-text audit","Limits novelty claim",Indirect,DOI and abstract verified,"Introduction; related work"
E-LIT-002,HP-004,"Can images control defrosting?","Image recognition can support on-demand defrost control and prospective field evaluation.",Peer-reviewed field study,Commercial energy systems,"CNN frost-state recognition linked to defrost control","Reported reduced defrost frequency/time/energy under its field protocol",DOI 10.1016/j.apenergy.2022.119702,"Label and split contract require full-text audit","Intervention-specific savings cannot be transferred",Indirect,DOI and abstract verified,"Introduction; Discussion"
E-LIT-003,ML-001,"How should repeated images be partitioned?","Images from one experimental unit must remain in one partition and uncertainty must be reported.",Systematic methodological review,Repeated medical images,"Bias and validation audit","Explicitly recommends subject-level splits and confidence intervals",DOI 10.1038/s42256-021-00307-0,"Medical domain; principle transferred only at design level","Supports experiment/cycle grouping",Indirect,Publisher and manuscript verified,"Methods; limitations"
E-DATA-006,AUTHOR-DATA,"Does RGB add information beyond cycle progression?","RGB must outperform a strong retrospective time-only control before visual decision value is claimed.",Negative-control analysis,"All cost-valid imaged cycles after streamed extraction","Identical leave-one-experiment-out folds for RGB, retrospective cycle time and RGB plus time; paired experiment-level bootstrap","Interim results vary by camera and remain incomplete",Pending complete cohort,"Candidate-domain progress uses the future observed boundary and is diagnostic rather than deployable","High image accuracy may otherwise reflect temporal or illumination drift",Direct,Interim code and tests verified,"Primary Results; Fig. 3"
