cycle_name,cohort_tier,minimum_location,is_censored,minutes_from_stable,near_opt_start_minutes,near_opt_end_minutes,t_star,cop_at_t_star_60s,q_at_t_star_60s_kw,power_at_t_star_60s_kw,front_image_time,front_image_path,front_image_available,front_image_offset_seconds
frost_cycle_000077,B_sensor_censored,right_boundary,True,15.866666666666667,10.0,15.866666666666667,2026-07-31 23:49:07.000000000,2.3172648483303586,9.090629999999997,3.934,,,False,
frost_cycle_000069,B_sensor_censored,right_boundary,True,21.683333333333337,10.0,21.683333333333334,2026-07-30 23:24:25.000000000,2.1899530166880616,8.529867,3.897,,,False,
frost_cycle_000004,B_sensor_censored,interior,True,31.0,13.0,121.6,2026-07-14 21:55:26.000000000,2.180128923766816,7.778700000000001,3.567,,,False,
frost_cycle_000066,A_observed_policy,interior,False,31.0,10.0,110.3,2026-07-30 17:05:10.000000000,2.04151376146789,8.010900000000001,3.924,2026-07-30 17:05:19.072,dataset/images/frost_cycle_000066/front/20260730170519072.jpg,True,9.072
frost_cycle_000067,A_observed_policy,interior,False,31.0,10.0,109.15,2026-07-30 19:16:48.000000000,2.034071999999999,7.8820289999999975,3.876,2026-07-30 19:16:49.131,dataset/images/frost_cycle_000067/front/20260730191649131.jpg,True,1.131
frost_cycle_000063,A_observed_policy,interior,False,34.0,10.0,116.96666666666667,2026-07-30 10:30:11.000000000,2.278306451612904,8.051535000000003,3.529,2026-07-30 10:30:18.752,dataset/images/frost_cycle_000063/front/20260730103018752.jpg,True,7.752
frost_cycle_000073,A_observed_policy,interior,False,35.0,10.0,108.68333333333334,2026-07-31 16:44:33.000000000,2.0328609339117114,7.966781999999997,3.917,2026-07-31 16:44:26.896,dataset/images/frost_cycle_000073/front/20260731164426896.jpg,True,6.104
frost_cycle_000060,A_observed_policy,interior,False,36.0,13.0,111.21666666666667,2026-07-29 19:12:17.000000000,2.120516901783339,7.966782000000005,3.756,2026-07-29 19:12:26.387,dataset/images/frost_cycle_000060/front/20260729191226387.jpg,True,9.387
frost_cycle_000064,A_observed_policy,interior,False,36.0,10.0,108.71666666666667,2026-07-30 12:50:38.999999999,2.076369863013699,8.075916000000007,3.9290000000000003,2026-07-30 12:50:48.842,dataset/images/frost_cycle_000064/front/20260730125048842.jpg,True,9.842
frost_cycle_000043,A_observed_policy,interior,False,37.0,10.0,130.33333333333334,2026-07-27 11:55:51.000000000,2.2256188499533804,7.8820289999999975,3.545,2026-07-27 11:55:41.240,,False,9.76
frost_cycle_000072,A_observed_policy,interior,False,37.0,10.0,109.2,2026-07-31 14:36:49.000000000,1.9812490362374713,7.709040000000001,3.895,2026-07-31 14:36:56.802,dataset/images/frost_cycle_000072/front/20260731143656802.jpg,True,7.802
frost_cycle_000062,B_sensor_censored,right_boundary,True,39.45,10.0,39.45,2026-07-29 23:35:26.000000000,1.8858364812419137,7.288757999999997,3.867,,,False,
frost_cycle_000053,A_observed_policy,interior,False,40.0,12.0,110.76666666666667,2026-07-28 18:52:24.000000000,1.9237979246313488,7.044947999999999,3.662,2026-07-28 18:52:36.810,,False,12.81
frost_cycle_000074,A_observed_policy,right_boundary,False,40.333333333333336,25.0,40.333333333333336,2026-07-31 18:55:11.000000000,2.625007155025553,7.704395999999998,2.9400000000000004,2026-07-31 18:54:56.924,dataset/images/frost_cycle_000074/front/20260731185456924.jpg,True,14.076
frost_cycle_000051,A_observed_policy,interior,False,41.0,13.0,110.38333333333334,2026-07-28 14:32:42.000000000,1.9937172413793098,7.516313999999998,3.76,2026-07-28 14:32:36.669,,False,5.3309999999999995
frost_cycle_000075,A_observed_policy,interior,False,41.0,12.0,115.01666666666667,2026-07-31 19:51:42.000000000,2.0670035270166354,8.075915999999998,3.871,2026-07-31 19:51:56.936,dataset/images/frost_cycle_000075/front/20260731195156936.jpg,True,14.936
frost_cycle_000059,A_observed_policy,interior,False,43.0,18.0,113.01666666666667,2026-07-29 17:06:48.000000000,2.027906735751297,7.044948000000006,3.4764999999999997,2026-07-29 17:06:56.345,,False,8.345
frost_cycle_000030,A_observed_policy,right_boundary,False,44.083333333333336,33.0,44.083333333333336,2026-07-23 11:41:30.000000000,2.931703067484662,7.111124999999998,2.444,2026-07-23 11:40:55.071,,False,34.929
frost_cycle_000050,A_observed_policy,interior,False,45.0,13.0,111.81666666666666,2026-07-28 12:24:18.000000000,2.0726773923814976,7.523280000000004,3.631,2026-07-28 12:24:06.583,,False,11.417
frost_cycle_000070,A_observed_policy,interior,False,47.0,14.0,115.95,2026-07-31 10:19:29.000000000,2.266297035040432,8.407962000000003,3.711,2026-07-31 10:19:26.598,dataset/images/frost_cycle_000070/front/20260731101926598.jpg,True,2.402
frost_cycle_000023,A_observed_policy,right_boundary,False,47.15,34.0,47.15,2026-07-21 09:57:33.000000000,3.0648952760264736,7.366545000000006,2.441,2026-07-21 09:57:01.190,,False,31.81
frost_cycle_000052,A_observed_policy,interior,False,48.0,23.0,113.15,2026-07-28 16:47:38.000000000,2.06307939339875,6.9381359999999965,3.362,2026-07-28 16:47:36.800,,False,1.2
frost_cycle_000055,B_sensor_censored,interior,True,50.0,22.0,60.56666666666667,2026-07-28 23:22:26.000000000,1.9152946577629393,6.883569000000003,3.594,,,False,
frost_cycle_000048,B_sensor_censored,right_boundary,True,50.46666666666667,23.0,50.46666666666667,2026-07-27 23:53:04.000000000,2.0379773106268804,7.3143,3.586,,,False,
frost_cycle_000014,B_sensor_censored,interior,True,51.0,26.0,123.0,2026-07-16 21:44:42.000000000,2.1641941747572804,6.910271999999996,3.197,,,False,
frost_cycle_000007,A_observed_policy,interior,False,53.0,24.0,129.0,2026-07-15 17:54:52.000000000,2.3271065032987734,7.407179999999997,3.184,2026-07-15 17:54:49.168,,False,2.832
frost_cycle_000018,A_observed_policy,interior,False,53.0,30.0,124.0,2026-07-17 20:31:28.000000000,2.3435419921874994,7.199360999999998,3.075,2026-07-17 20:31:26.875,,False,1.125
frost_cycle_000045,A_observed_policy,interior,False,55.0,23.0,113.81666666666666,2026-07-27 17:24:57.000000000,1.9523283582089554,7.063524000000005,3.616,2026-07-27 17:25:11.541,,False,14.541
frost_cycle_000047,A_observed_policy,interior,False,55.0,23.0,113.33333333333333,2026-07-27 21:46:37.000000000,1.974537662337663,6.841773000000002,3.465,2026-07-27 21:46:41.715,,False,4.715
frost_cycle_000058,A_observed_policy,interior,False,55.0,18.0,112.75,2026-07-29 15:08:20.000000000,1.9153310439560451,6.970644000000005,3.64,2026-07-29 15:08:26.301,,False,6.301
frost_cycle_000042,B_sensor_censored,right_boundary,True,55.8,14.0,55.8,2026-07-27 10:37:14.000000000,2.3566766226306726,8.205948000000003,3.486,,,False,
frost_cycle_000019,B_sensor_censored,interior,True,56.0,34.0,63.583333333333336,2026-07-17 23:44:46.000000000,2.377285714285717,6.489990000000007,2.7305,,,False,
frost_cycle_000028,B_sensor_censored,interior,True,56.0,34.0,98.0,2026-07-21 22:58:05.000000000,2.2911733046286322,6.385499999999998,2.797,,,False,
frost_cycle_000057,A_observed_policy,interior,False,56.0,20.0,113.35,2026-07-29 12:58:09.000000000,1.9033787174273535,6.883569000000003,3.618,2026-07-29 12:57:56.206,,False,12.794
frost_cycle_000027,A_observed_policy,interior,False,57.0,33.0,103.0,2026-07-21 20:16:55.000000000,2.291287852419074,6.58287,2.872,,,False,
frost_cycle_000026,A_observed_policy,interior,False,58.0,34.0,98.0,2026-07-21 17:36:25.000000000,2.3365384615384617,6.530625,2.791,,,False,
frost_cycle_000024,A_observed_policy,interior,False,59.0,34.0,98.0,2026-07-21 11:11:12.000000000,2.49190243902439,6.845255999999998,2.749,2026-07-21 11:11:01.186,,False,10.814
frost_cycle_000031,A_observed_policy,right_boundary,False,59.166666666666664,40.0,59.166666666666664,2026-07-23 12:54:41.000000000,2.9149735537190073,6.910271999999996,2.419,2026-07-23 12:53:55.118,,False,45.882
frost_cycle_000029,A_observed_policy,right_boundary,False,69.75,48.0,69.75,2026-07-23 10:43:19.000000000,2.993203124999999,6.845255999999998,2.234,2026-07-23 10:42:25.045,,False,53.955
frost_cycle_000020,A_observed_policy,interior,False,74.0,40.0,121.0,2026-07-20 11:18:40.000000000,2.54480287206266,7.79727599999999,3.063,2026-07-20 11:18:35.560,dataset/images/frost_cycle_000020/front/20260720111835560.jpg,True,4.4399999999999995
frost_cycle_000032,A_observed_policy,interior,False,86.0,50.0,136.0,2026-07-23 14:35:00.000000000,2.4215278917145198,5.903684999999999,2.44,2026-07-23 14:34:55.236,,False,4.764
frost_cycle_000034,A_observed_policy,interior,False,86.0,53.0,138.0,2026-07-23 20:00:34.000000000,2.57671498530852,5.261651999999999,2.0420000000000003,2026-07-23 20:00:45.265,,False,11.265
frost_cycle_000056,A_observed_policy,interior,False,88.0,17.0,118.23333333333333,2026-07-29 11:14:02.000000000,2.0188112551375266,6.385499999999998,3.165,2026-07-29 11:13:56.134,,False,5.866
frost_cycle_000039,A_observed_policy,interior,False,89.0,53.0,136.0,2026-07-24 17:16:09.000000000,2.5514503879134347,6.248502000000001,2.45,2026-07-24 17:16:18.906,,False,9.906
frost_cycle_000046,A_observed_policy,interior,False,92.0,23.0,112.71666666666667,2026-07-27 20:13:21.000000000,1.8918518634513015,6.040683000000006,3.192,2026-07-27 20:13:11.650,,False,9.35
frost_cycle_000065,A_observed_policy,interior,False,92.0,10.0,110.25,2026-07-30 15:55:21.000000000,1.8771880971270534,5.874660000000007,3.133,2026-07-30 15:55:19.000,dataset/images/frost_cycle_000065/front/20260730155519000.jpg,True,2.0
frost_cycle_000033,A_observed_policy,interior,False,94.0,56.0,148.95,2026-07-23 17:24:20.000000000,2.434354838709677,5.43348,2.232,2026-07-23 17:24:25.381,,False,5.381
frost_cycle_000035,B_sensor_censored,interior,True,104.0,58.0,117.15,2026-07-23 23:01:35.000000000,2.5316613995485344,5.607629999999994,2.215,,,False,
frost_cycle_000049,A_observed_policy,interior,False,105.0,14.0,117.16666666666667,2026-07-28 11:08:12.000000000,2.011726305609283,6.240374999999996,3.099,2026-07-28 10:31:06.469,,False,2225.531
frost_cycle_000068,A_observed_policy,right_boundary,False,108.53333333333332,16.0,108.53333333333333,2026-07-30 22:45:24.000000000,1.8367142857142864,5.554224000000002,3.024,2026-07-30 22:44:49.196,dataset/images/frost_cycle_000068/front/20260730224449196.jpg,True,34.804
frost_cycle_000076,A_observed_policy,right_boundary,False,108.8,10.0,108.8,2026-07-31 23:15:42.000000000,1.8393854231006792,5.874659999999998,3.2075,2026-07-31 23:14:56.971,dataset/images/frost_cycle_000076/front/20260731231456971.jpg,True,45.029
frost_cycle_000061,A_observed_policy,right_boundary,False,109.88333333333334,10.0,109.88333333333334,2026-07-29 22:37:58.000000000,1.931409278350517,5.554224000000002,2.907,2026-07-29 22:37:26.441,dataset/images/frost_cycle_000061/front/20260729223726441.jpg,True,31.559
frost_cycle_000071,A_observed_policy,right_boundary,False,111.63333333333334,14.0,111.63333333333334,2026-07-31 13:39:13.000000000,1.8895159362549787,5.558868000000004,3.009,2026-07-31 13:38:26.743,dataset/images/frost_cycle_000071/front/20260731133826743.jpg,True,46.257
frost_cycle_000054,A_observed_policy,right_boundary,False,113.5,18.0,113.5,2026-07-28 22:14:23.000000000,1.7242873900293245,5.241914999999997,3.0660000000000003,2026-07-28 22:13:36.864,,False,46.136
frost_cycle_000037,A_observed_policy,interior,False,114.0,65.0,146.21666666666667,2026-07-24 14:39:52.000000000,2.1107878207583313,5.511267000000004,2.608,2026-07-24 15:03:46.426,,False,1434.426
frost_cycle_000040,A_observed_policy,interior,False,114.0,60.0,145.91666666666666,2026-07-24 20:23:48.000000000,2.361781785392244,5.238431999999997,2.218,2026-07-24 20:23:49.193,,False,1.193
frost_cycle_000041,B_sensor_censored,interior,True,119.0,67.0,127.46666666666667,2026-07-24 23:09:16.000000000,2.487969461326994,5.517071999999999,2.2115,,,False,
frost_cycle_000044,A_observed_policy,interior,False,132.0,16.0,141.93333333333334,2026-07-27 16:01:54.000000000,1.77004918032787,5.074731000000003,2.866,2026-07-27 16:01:41.447,,False,12.553
frost_cycle_000036,A_observed_policy,interior,False,147.0,84.0,186.53333333333333,2026-07-24 11:51:47.000000000,2.9537692307692325,6.220638000000004,2.106,2026-07-24 11:51:43.806,,False,3.194
